"id","sex","perc.afqt","educ","income"
"id_2","female",6.841,12,5500
"id_6","male",99.393,16,65000
"id_7","male",47.412,12,19000
"id_8","female",44.022,14,36000
"id_9","male",59.683,14,65000
"id_13","male",72.313,16,8000
"id_16","female",50.283,13,71000
"id_17","male",89.669,13,43000
"id_18","male",95.977,13,120000
"id_20","female",67.021,17,64000
"id_21","female",88.416,16,253043
"id_22","female",89.167,16,45300
"id_29","female",25.905,12,85000
"id_34","male",6.069,13,150432
"id_37","female",56.29,12,37000
"id_38","female",12.788,12,70000
"id_39","male",26.851,12,67000
"id_41","male",57.095,15,120000
"id_42","male",22.326,12,45000
"id_44","female",37.061,12,7200
"id_46","female",78.095,19,42000
"id_47","male",75.473,12,66309
"id_49","female",71.226,14,34000
"id_57","female",30.83,12,12000
"id_58","female",91.625,17,55500
"id_61","female",99.15,14,63000
"id_62","female",36.384,13,30000
"id_63","male",87.934,16,108000
"id_69","male",86.703,18,120000
"id_73","male",81.527,18,186135
"id_78","female",85.347,16,14657
"id_86","female",7.198,9,14000
"id_87","male",12.463,12,17000
"id_89","female",84.98,16,62000
"id_97","female",59.411,14,49000
"id_105","female",81.787,12,40000
"id_106","male",87.651,16,105000
"id_107","male",65.347,16,43000
"id_117","male",98.349,15,83000
"id_119","male",27.671,16,12000
"id_120","male",97.847,16,150000
"id_121","female",92.618,17,41000
"id_126","male",67.259,14,85000
"id_129","male",92.817,16,80000
"id_133","female",57.983,12,52000
"id_137","female",87.283,16,175829
"id_138","female",88.326,16,8000
"id_139","male",79.832,15,120000
"id_140","female",72.878,17,65000
"id_141","female",85.861,18,44768
"id_143","female",59.838,14,52000
"id_145","male",62.607,12,10000
"id_146","male",86.932,12,50000
"id_147","female",22.466,14,12000
"id_148","male",74.997,12,21800
"id_149","female",39.973,12,95000
"id_152","female",93.332,12,85000
"id_156","male",4.975,11,14000
"id_158","female",85.206,17,35100
"id_160","female",77.44,14,65000
"id_162","male",98.253,18,76000
"id_165","female",46.506,12,50000
"id_166","male",58.432,13,82000
"id_174","female",47.279,13,48000
"id_179","female",30.455,12,29000
"id_184","female",59.078,16,6000
"id_185","male",77.155,12,34000
"id_186","female",81.515,18,65000
"id_188","female",11.983,10,15000
"id_190","female",73.636,18,92000
"id_191","male",89.27,19,118000
"id_192","female",80.48,16,26000
"id_193","male",45.527,16,105000
"id_195","male",87.917,18,348204
"id_197","female",17.107,12,17000
"id_198","male",64.239,18,130000
"id_199","male",19.225,12,38000
"id_200","female",27.551,12,35000
"id_201","male",86.603,16,16000
"id_202","male",73.184,14,55000
"id_207","male",25.802,12,32000
"id_210","male",59.04,16,50000
"id_218","male",81.447,16,261763
"id_219","female",60.012,20,102000
"id_220","female",89.381,20,105000
"id_228","female",2.739,9,1600
"id_230","male",34.084,15,55000
"id_232","male",55.78,14,45000
"id_233","male",31.472,12,39000
"id_234","male",35.461,12,140000
"id_235","male",61.313,15,98000
"id_236","female",71.673,13,30000
"id_239","female",13.294,10,9000
"id_240","female",50.483,12,38000
"id_242","female",30.481,12,75000
"id_243","male",62.957,12,94600
"id_244","female",73.828,12,5000
"id_245","female",81.929,14,25000
"id_247","male",52.544,20,79000
"id_248","male",8.261,14,2000
"id_253","male",34.745,11,20000
"id_256","female",56.308,13,3000
"id_257","male",58.214,12,22000
"id_259","male",56.348,12,14000
"id_260","male",83.227,14,65000
"id_269","male",83.698,16,154541
"id_273","male",64.372,15,61500
"id_274","male",88.343,13,45000
"id_275","female",72.963,14,52000
"id_279","male",59.272,12,64500
"id_281","male",72.769,18,99000
"id_282","female",85.4,16,14000
"id_283","male",15.136,12,53000
"id_284","male",44.708,12,90000
"id_285","female",15.448,10,35000
"id_290","female",11.136,10,19000
"id_294","female",62.191,12,12000
"id_299","male",12.439,11,25000
"id_306","male",27.277,14,40000
"id_310","male",18.491,12,70000
"id_313","male",30.794,11,37000
"id_317","male",78.739,16,31500
"id_321","female",76.525,16,69000
"id_323","male",65.825,12,80000
"id_324","male",10.373,9,23000
"id_327","female",88.257,16,28000
"id_335","female",62.746,15,10000
"id_341","female",46.696,14,125000
"id_342","male",95.123,17,96000
"id_346","male",43.221,16,120000
"id_348","male",36.155,12,164307
"id_350","male",47.18,17,100000
"id_351","male",19.021,12,39000
"id_354","female",65.997,12,9600
"id_355","male",55.481,13,120000
"id_356","male",41.794,11,50000
"id_357","male",68.746,16,80000
"id_358","male",28.374,16,110000
"id_359","female",37.74,16,60000
"id_360","female",80.272,19,34000
"id_362","male",19.625,12,48000
"id_367","female",76.624,16,58000
"id_369","female",91.042,16,12000
"id_370","female",89.893,16,20000
"id_373","female",11.771,12,9000
"id_375","male",11.374,12,17500
"id_376","male",83.17,18,47000
"id_377","male",32.899,12,10000
"id_381","male",49.149,12,105000
"id_385","female",39.687,12,41500
"id_386","female",63.197,12,43000
"id_388","female",78.241,15,70000
"id_391","female",23.959,12,35000
"id_392","male",93.142,12,60000
"id_393","male",76.768,13,68000
"id_399","female",66.314,18,62500
"id_400","female",100,16,75000
"id_401","female",24.833,12,11500
"id_405","female",16.239,13,26000
"id_408","male",85.102,12,68000
"id_409","male",90.513,16,180733
"id_410","male",68.615,12,31085
"id_411","male",18.169,12,16000
"id_414","female",73.351,14,21000
"id_418","female",60.767,13,28000
"id_422","male",99.379,19,55000
"id_426","male",27.838,12,82000
"id_433","male",1.622,12,21528
"id_434","male",65.734,12,59000
"id_437","female",71.472,12,22000
"id_438","female",79.95,13,36000
"id_439","female",75.485,16,77000
"id_442","female",64.195,13,15000
"id_443","male",97.365,14,47000
"id_444","female",80.238,16,1500
"id_445","male",93.639,16,40000
"id_446","female",25.328,12,32000
"id_449","female",47.638,12,14000
"id_453","male",72.199,13,40300
"id_456","male",48.986,18,50000
"id_457","male",78.555,16,53000
"id_458","female",86.548,18,65000
"id_459","female",85.905,20,10000
"id_460","female",31.254,13,21400
"id_461","male",90.491,16,85000
"id_464","male",79.33,14,78000
"id_465","female",85.844,12,12000
"id_467","female",95.508,16,20000
"id_470","male",11.35,12,46000
"id_479","male",76.189,16,86000
"id_480","male",51.896,18,60000
"id_481","male",93.653,19,388725
"id_482","male",77.991,19,122000
"id_484","male",13.303,12,30000
"id_485","female",8.229,12,12000
"id_486","male",50.498,12,196424
"id_489","male",59.586,14,85000
"id_491","female",13.761,12,20000
"id_495","female",69.07,14,29821
"id_496","female",92.866,16,25000
"id_499","female",39.163,13,36000
"id_500","female",64.295,14,53000
"id_501","female",78.966,19,25000
"id_502","male",71.792,12,90000
"id_503","female",56.773,12,23000
"id_505","male",26.498,12,28000
"id_506","female",43.741,16,43000
"id_520","male",26.381,16,73000
"id_521","male",37.473,17,80000
"id_527","female",61.184,13,50000
"id_533","female",55.185,15,5000
"id_535","male",33.208,12,20000
"id_540","male",16.138,12,60000
"id_543","male",21.108,12,98000
"id_547","male",45.744,11,69000
"id_548","female",72.071,12,15000
"id_550","female",81.039,12,22000
"id_553","male",99.154,16,10000
"id_554","male",91.427,19,1100
"id_556","male",86.423,18,147000
"id_557","female",99.324,17,1200
"id_558","female",83.317,17,36000
"id_560","male",62.344,14,78500
"id_561","female",76.633,20,42000
"id_562","male",64.432,20,55000
"id_564","male",33.668,14,5000
"id_565","male",35.041,13,55000
"id_583","male",73.326,13,36000
"id_585","female",25.699,9,25000
"id_594","male",53.342,12,80000
"id_597","male",2.826,11,500
"id_604","female",62.762,15,40000
"id_606","male",72.782,13,35000
"id_608","female",88.693,16,27000
"id_609","female",45.803,16,32000
"id_612","female",48.877,16,46136
"id_613","male",35.747,12,95000
"id_616","male",9.141,12,25000
"id_622","female",52.674,15,36500
"id_631","male",22.379,11,18000
"id_632","female",1.31,12,4000
"id_636","female",34.526,12,40000
"id_639","male",60.396,12,35000
"id_640","female",77.715,12,42000
"id_645","male",86.137,16,163172
"id_646","female",1.79,12,12500
"id_647","male",43.472,12,61000
"id_649","male",85.54,17,110000
"id_650","female",77.736,16,58000
"id_653","male",90.095,18,96000
"id_659","male",39.786,14,75000
"id_662","female",70.5,12,22000
"id_663","male",76.234,16,85000
"id_664","female",47.912,17,43000
"id_665","female",59.991,16,30000
"id_667","male",70.912,14,58000
"id_669","male",79.232,12,29000
"id_671","male",79.303,16,10000
"id_674","male",2.926,12,50000
"id_675","male",3.663,11,8400
"id_679","male",8.563,12,20000
"id_681","male",6.381,12,5000
"id_683","female",45.808,18,52000
"id_684","male",29.001,12,72000
"id_686","male",79.313,18,57000
"id_688","female",41.58,14,23000
"id_692","female",36.055,13,45000
"id_697","male",14.729,12,50000
"id_701","male",10.566,9,9800
"id_703","female",40.97,12,3000
"id_704","female",46.092,13,56000
"id_707","male",31.469,14,48000
"id_709","male",26.594,12,41167
"id_711","male",38.582,12,40000
"id_712","female",80.637,13,41000
"id_713","female",14.274,12,11000
"id_714","male",26.688,11,20000
"id_717","male",30.429,12,40000
"id_719","male",6.818,12,48000
"id_720","female",36.158,12,35000
"id_721","female",24.725,13,22000
"id_722","male",38.013,11,57500
"id_723","female",26.792,12,25000
"id_724","female",78.513,15,20000
"id_725","male",97.319,20,74000
"id_728","male",20.133,12,30000
"id_730","male",70.604,15,100000
"id_731","male",46.018,12,40000
"id_732","male",51.017,12,35000
"id_733","female",27.489,13,28820
"id_745","female",31.508,12,41000
"id_746","female",65.278,13,35500
"id_747","male",70.368,12,50300
"id_748","female",23.929,13,34000
"id_751","male",28.746,16,55000
"id_752","female",80.463,19,120000
"id_755","female",54.906,12,37000
"id_756","female",20.084,12,26000
"id_757","female",31.118,14,35000
"id_758","female",11.905,12,20000
"id_761","female",55.614,15,25000
"id_762","male",48.786,12,12000
"id_763","male",34.18,12,23000
"id_764","female",31.809,14,21000
"id_769","male",34.236,12,3000
"id_772","male",52.482,12,74000
"id_774","male",53.534,14,35000
"id_776","male",97.088,17,115000
"id_777","male",79.85,16,85000
"id_778","male",89.794,17,30000
"id_779","female",60.353,14,26000
"id_784","male",49.537,13,30000
"id_789","female",42.361,12,15000
"id_792","female",28.537,16,30000
"id_793","male",61.347,16,30000
"id_796","male",94.119,16,58000
"id_797","male",68.375,12,72000
"id_799","male",34.051,12,53000
"id_800","male",32.078,14,54000
"id_801","female",25.324,14,19327
"id_802","male",17.362,12,30000
"id_804","female",40.982,19,16000
"id_806","male",13.465,12,35000
"id_807","male",76.332,16,70000
"id_810","female",91.719,16,115000
"id_811","female",63.642,15,16000
"id_812","female",86.99,16,10500
"id_813","male",85.915,20,33000
"id_814","female",19.541,12,16000
"id_815","male",66.54,12,23400
"id_816","female",39.343,16,29000
"id_817","male",81.325,16,117000
"id_818","male",35.569,13,85000
"id_820","female",49.039,16,85000
"id_821","female",99.18,18,34000
"id_825","male",89.264,17,73000
"id_827","male",92.042,20,169541
"id_829","female",38.888,19,66000
"id_832","male",38.997,12,20000
"id_835","female",25.338,13,25000
"id_839","female",4.208,15,30000
"id_843","female",34.453,12,3000
"id_847","male",22.976,16,67500
"id_849","female",36.881,12,20000
"id_850","male",82.62,13,85000
"id_851","male",55.782,12,48000
"id_854","female",50.954,12,22000
"id_856","female",83.737,13,25000
"id_859","male",23.25,12,46000
"id_860","male",69.283,12,37500
"id_861","female",49.173,12,29000
"id_862","female",41.383,11,25000
"id_863","male",38.088,12,125000
"id_866","female",27.315,12,36000
"id_872","male",71.872,16,176354
"id_874","male",94.976,19,90000
"id_875","female",25.657,12,40000
"id_878","female",68.575,12,50000
"id_879","female",79.765,20,52900
"id_881","male",80.898,16,8000
"id_882","male",64.498,16,42000
"id_883","female",75.516,15,30000
"id_884","female",98.089,18,52000
"id_885","male",81.33,16,37000
"id_888","male",21.826,12,50000
"id_889","female",45.056,15,24000
"id_890","male",82.756,19,183306
"id_891","male",42.935,12,36000
"id_896","female",98.804,16,15000
"id_898","female",79.576,16,40000
"id_899","male",83.208,15,31000
"id_902","male",82.49,17,64320
"id_906","female",93.511,19,90000
"id_907","male",93.432,19,7000
"id_908","male",82.465,16,37000
"id_909","female",61.363,15,31330
"id_912","female",91.404,16,34000
"id_914","female",75.363,12,71500
"id_915","female",92.122,14,57000
"id_916","male",82.189,16,20000
"id_920","male",86.877,16,120000
"id_921","male",7.983,14,65000
"id_922","male",55.885,12,90000
"id_929","male",75.258,12,42000
"id_932","female",26.769,12,30000
"id_935","female",34.62,12,9800
"id_936","female",58.404,15,15000
"id_937","male",84.974,14,75000
"id_938","male",21.712,12,38500
"id_941","male",44.224,13,80000
"id_942","female",55.978,12,43000
"id_944","male",97.299,18,54000
"id_945","male",51.523,16,37300
"id_947","male",77.263,13,64000
"id_949","female",64.067,12,70000
"id_950","female",91.63,12,30000
"id_951","male",52.109,12,72000
"id_952","female",63.71,12,23600
"id_955","male",45.546,12,40000
"id_956","male",55.543,13,15000
"id_958","male",41.439,12,35000
"id_959","male",96.442,14,170247
"id_960","male",88.979,15,150000
"id_961","male",88.914,16,140000
"id_962","female",67.25,14,45500
"id_963","female",51.978,12,65000
"id_964","female",28.308,12,48000
"id_966","female",18.824,12,44000
"id_967","female",17.834,12,56000
"id_968","male",43.365,12,65000
"id_969","female",44.379,12,31000
"id_970","male",57.553,12,110000
"id_971","female",53.275,12,3000
"id_972","female",57.315,12,38000
"id_973","male",65.073,12,42000
"id_974","female",66.668,20,55000
"id_976","female",62.466,18,51000
"id_990","male",60.136,12,39000
"id_996","male",30.891,12,60000
"id_997","male",78.723,12,46000
"id_999","female",67.602,16,27000
"id_1003","male",61.145,16,70000
"id_1004","female",27.973,14,56000
"id_1007","male",47.45,12,125000
"id_1011","male",34.339,12,45000
"id_1013","male",91.199,14,25000
"id_1019","female",100,17,29000
"id_1020","female",98.236,17,84000
"id_1029","female",26.365,12,17000
"id_1034","female",12.727,7,23000
"id_1038","female",64.065,14,24000
"id_1039","female",71.23,15,44000
"id_1042","male",28.954,12,26000
"id_1043","male",3.732,12,16000
"id_1044","male",4.871,12,25000
"id_1046","male",70.337,19,63
"id_1048","female",3.156,12,13000
"id_1049","female",84.635,18,51000
"id_1051","male",87.785,18,67000
"id_1052","male",89.341,18,183467
"id_1053","male",73.413,16,394058
"id_1056","female",15.555,12,24000
"id_1058","male",34.012,14,47000
"id_1060","male",33.045,12,12000
"id_1062","male",58.977,12,115000
"id_1063","female",45.58,12,20518
"id_1065","female",70.03,12,20160
"id_1068","male",0.958,9,12000
"id_1071","female",8.758,12,12649
"id_1072","male",35.78,18,65000
"id_1076","female",43.456,14,40000
"id_1078","female",88.023,16,61000
"id_1080","female",68.497,12,7500
"id_1081","male",76.163,14,38262
"id_1082","female",71.597,16,70000
"id_1085","male",65.317,12,36000
"id_1086","female",77.119,18,67500
"id_1089","male",1.672,9,35000
"id_1090","female",12.621,9,1300
"id_1091","male",51.083,10,24000
"id_1092","male",59.139,12,15000
"id_1093","female",50.614,16,35000
"id_1096","male",15.428,12,48000
"id_1097","male",97.926,14,59000
"id_1098","male",98.356,20,108000
"id_1101","female",89.998,19,50000
"id_1102","male",44.711,15,429
"id_1104","female",55.829,15,90000
"id_1105","female",65.903,18,61000
"id_1106","female",87.203,16,35000
"id_1111","female",44.401,12,44000
"id_1114","female",31.751,12,50000
"id_1116","female",31.89,14,30000
"id_1118","female",22.955,12,80000
"id_1122","male",99.147,16,37000
"id_1130","female",50.405,12,5000
"id_1134","male",65.998,11,53000
"id_1138","male",58.192,16,58000
"id_1139","female",72.569,16,60000
"id_1141","female",17.614,12,30000
"id_1143","male",83.528,16,180124
"id_1144","male",79.836,16,248713
"id_1147","female",58.247,12,6500
"id_1148","male",2.509,11,31000
"id_1153","male",4.843,10,2300
"id_1155","female",25.334,14,52000
"id_1156","male",39.245,12,25000
"id_1157","female",70.82,16,63000
"id_1158","female",27.018,14,31000
"id_1159","female",45.679,15,30000
"id_1160","female",34.867,14,20000
"id_1163","female",20.274,14,25000
"id_1166","female",42.776,13,20609
"id_1169","male",53.364,12,130000
"id_1176","male",62.064,16,77000
"id_1179","female",74.366,12,35000
"id_1181","female",64.846,13,150000
"id_1182","female",91.545,18,48000
"id_1184","female",90.731,16,95000
"id_1185","male",100,20,268384
"id_1186","male",58.93,16,140000
"id_1187","female",86.394,19,39000
"id_1188","male",79.064,15,130000
"id_1200","female",49.449,16,9000
"id_1208","female",82.941,20,120000
"id_1221","female",0.899,12,16200
"id_1222","male",7.51,12,38000
"id_1223","female",1.552,13,15000
"id_1224","female",15.04,13,12000
"id_1233","female",36.925,14,42000
"id_1237","male",29.091,12,24000
"id_1238","female",54.782,13,62000
"id_1240","female",70.563,18,52000
"id_1247","male",12.838,12,8000
"id_1249","male",64.562,12,80000
"id_1250","female",31.365,12,17000
"id_1251","female",36.464,12,31000
"id_1252","female",54.28,17,16000
"id_1253","female",52.948,12,21600
"id_1255","female",93.903,18,87000
"id_1256","male",17.735,13,50000
"id_1257","male",34.121,12,23000
"id_1258","female",62.762,14,3000
"id_1260","male",10.889,9,35000
"id_1261","female",66.079,14,50000
"id_1268","male",98.102,16,90000
"id_1272","male",37.465,12,39000
"id_1273","male",68.375,13,24000
"id_1276","female",92.033,16,46000
"id_1279","female",81.419,15,24000
"id_1286","female",6.841,16,32000
"id_1287","male",7.088,14,50000
"id_1288","male",10.393,14,21000
"id_1290","female",38.983,14,36000
"id_1291","male",8.107,13,16000
"id_1293","female",35.191,16,36000
"id_1294","male",51.781,15,209138
"id_1301","male",27.851,14,25000
"id_1311","male",46.54,16,130000
"id_1312","female",41.138,12,18000
"id_1315","male",70.51,15,257286
"id_1318","male",22.661,8,37000
"id_1319","male",6.629,12,43000
"id_1320","male",100,13,78000
"id_1321","male",51.798,13,56000
"id_1323","female",85.328,17,42000
"id_1325","male",82.181,16,80000
"id_1327","female",59.279,12,53000
"id_1338","male",66.383,13,42000
"id_1344","female",67.442,18,72000
"id_1347","female",50.056,16,157280
"id_1351","male",54.619,12,13000
"id_1353","male",50.963,12,20000
"id_1357","male",5.401,12,38000
"id_1359","female",61.346,18,40000
"id_1360","female",28.956,12,27000
"id_1362","female",96.033,17,70000
"id_1366","female",36.305,12,29800
"id_1367","male",85.66,16,16000
"id_1368","male",96.899,16,39000
"id_1374","female",69.216,16,15700
"id_1383","male",2.991,12,80000
"id_1384","male",13.4,12,26000
"id_1385","female",44.576,13,34000
"id_1386","male",24.991,12,52000
"id_1393","male",66.493,15,79000
"id_1394","female",67.269,16,62000
"id_1395","female",45.317,20,63000
"id_1397","male",26.78,12,45000
"id_1399","female",74.636,14,45000
"id_1411","female",45.789,14,16000
"id_1413","male",1.65,11,19000
"id_1416","female",20.731,12,12000
"id_1417","male",24.893,12,31000
"id_1418","male",61.57,12,41000
"id_1419","female",4.111,12,22000
"id_1425","male",77.186,12,38000
"id_1426","female",54.506,12,38685
"id_1429","male",82.219,16,30000
"id_1432","male",18.811,16,42000
"id_1433","male",36.667,17,50000
"id_1434","male",1.985,11,31980
"id_1436","female",8.681,11,10000
"id_1438","female",4.199,12,27000
"id_1440","female",10.283,13,22000
"id_1455","female",14.511,7,25000
"id_1459","female",85.258,14,40000
"id_1462","male",33.171,12,28600
"id_1468","male",36.634,12,29000
"id_1470","female",64.514,18,35000
"id_1471","male",15.586,8,50000
"id_1477","male",48.936,16,70000
"id_1479","male",97.372,18,100000
"id_1481","male",49.641,16,71000
"id_1484","female",2.513,13,40000
"id_1487","female",42.852,13,45000
"id_1490","female",19.642,12,25000
"id_1491","female",14.083,13,39000
"id_1492","male",82.535,14,45000
"id_1493","female",65.038,12,245549
"id_1495","female",19.342,12,15000
"id_1499","female",47.406,12,16000
"id_1500","male",24.715,12,50000
"id_1501","male",97.458,17,60000
"id_1502","female",98.242,16,12000
"id_1503","male",84.661,20,58000
"id_1506","male",88.937,12,42000
"id_1507","female",60.833,12,22000
"id_1508","male",96.289,14,35000
"id_1509","male",90.493,17,25000
"id_1510","female",66.956,16,26000
"id_1512","female",80.758,15,15000
"id_1514","female",45.16,13,51000
"id_1515","male",44.773,12,67000
"id_1516","female",8.674,12,23300
"id_1521","male",21.457,12,41000
"id_1522","female",67.176,16,51300
"id_1527","male",2.099,12,28000
"id_1529","female",35.947,13,23000
"id_1530","female",30.909,15,28000
"id_1531","female",44.428,12,26000
"id_1532","female",57.544,12,17407
"id_1534","female",27.174,12,52000
"id_1538","female",30.59,18,45000
"id_1539","female",77.51,12,30000
"id_1541","female",22.337,12,41400
"id_1547","male",43.214,11,85000
"id_1548","female",40.716,10,4000
"id_1551","female",25.797,12,19000
"id_1552","female",24.669,16,9200
"id_1553","female",79.584,12,40000
"id_1554","male",52.176,12,59000
"id_1555","male",69.185,14,28352
"id_1556","male",69.556,12,32176
"id_1558","female",60.233,14,12000
"id_1560","male",21.06,12,19000
"id_1564","female",84.972,16,3400
"id_1566","female",65.249,15,39100
"id_1568","female",79.707,14,6000
"id_1569","male",72.895,16,63000
"id_1571","female",77.537,15,45000
"id_1574","male",90.317,16,47000
"id_1575","male",33.184,14,171551
"id_1577","male",60.11,12,59000
"id_1580","male",21.756,12,56000
"id_1585","male",54.802,12,60000
"id_1586","female",69.894,15,54000
"id_1587","female",92.892,16,27300
"id_1590","male",22.782,12,16000
"id_1591","male",33.418,12,7000
"id_1592","female",27.228,12,10000
"id_1593","female",14.232,12,17000
"id_1595","male",44.794,12,120000
"id_1597","male",67.922,12,52000
"id_1598","female",70.988,14,35000
"id_1599","female",43.417,12,24000
"id_1601","male",53.921,16,368302
"id_1602","male",54.571,12,90000
"id_1603","male",45.157,17,20000
"id_1605","female",40.773,12,40000
"id_1607","female",48.83,12,19200
"id_1608","female",58.11,12,11040
"id_1610","female",29.107,12,18000
"id_1617","female",21.965,12,20000
"id_1619","male",58.937,18,65000
"id_1621","female",87.899,17,35942
"id_1622","male",55.357,16,60000
"id_1626","male",96.046,16,73000
"id_1627","male",36.485,12,20000
"id_1629","female",65.439,12,100000
"id_1631","male",96.226,16,85000
"id_1632","male",98.63,18,100035
"id_1633","female",86.213,20,100000
"id_1635","male",53.399,12,40000
"id_1636","male",49.697,12,56000
"id_1637","male",60.861,12,15000
"id_1640","female",51.871,12,48000
"id_1641","male",62.029,12,110000
"id_1642","female",1.532,14,75000
"id_1644","male",43.409,15,9400
"id_1651","male",71.136,12,153334
"id_1656","female",51.885,12,33000
"id_1659","male",61.986,14,26000
"id_1670","male",96.168,16,105000
"id_1719","female",48.05,18,60000
"id_1720","female",25.265,14,45000
"id_1721","male",7.672,12,80000
"id_1725","female",7.182,11,25000
"id_1729","female",30.508,12,24000
"id_1730","female",66.596,17,52000
"id_1733","female",84.465,16,115000
"id_1735","female",63.611,17,3000
"id_1739","male",95.901,15,10000
"id_1740","female",49.857,16,19000
"id_1744","male",67.544,13,60000
"id_1746","male",96.851,19,116000
"id_1750","male",47.189,12,44000
"id_1751","female",4.888,13,35000
"id_1758","female",5.654,15,13000
"id_1763","male",69.733,16,22000
"id_1766","female",78.662,16,12000
"id_1768","female",36.71,12,8000
"id_1769","female",27.375,12,29515
"id_1775","female",35.079,13,34000
"id_1778","female",46.099,14,8000
"id_1779","male",28.861,11,74000
"id_1780","male",73.734,14,40000
"id_1781","male",39.081,15,100000
"id_1784","male",81.518,15,45000
"id_1785","female",9.875,15,29000
"id_1786","female",37.054,12,46800
"id_1787","female",47.805,17,52000
"id_1788","male",77.653,12,56856
"id_1790","male",71.533,12,34000
"id_1792","male",87.518,14,15000
"id_1795","female",40.415,20,108888
"id_1797","female",56.703,9,3040
"id_1798","female",85.903,15,27100
"id_1802","male",77.562,12,27915
"id_1803","female",70.548,19,36000
"id_1804","female",91.449,17,12000
"id_1808","female",89.408,16,125000
"id_1810","male",53.687,13,155867
"id_1819","male",79.036,15,29000
"id_1820","male",13.65,8,8000
"id_1824","female",6.023,9,19000
"id_1826","female",62.879,12,45000
"id_1831","female",24.374,15,64000
"id_1835","male",30.175,12,40000
"id_1836","male",51.237,14,50000
"id_1837","male",17.492,13,32000
"id_1838","female",13.046,12,17000
"id_1839","female",6.12,12,18000
"id_1841","female",92.678,20,85000
"id_1844","female",87.281,18,188404
"id_1846","male",73.252,18,192896
"id_1847","female",74.288,14,68000
"id_1848","female",29.189,13,46000
"id_1858","female",75.798,18,68000
"id_1860","female",40.414,12,29000
"id_1862","female",31.547,12,900
"id_1863","female",61.428,12,20000
"id_1865","female",27.567,12,28000
"id_1866","female",42.755,12,25000
"id_1867","male",89.968,12,52000
"id_1868","female",35.098,13,26500
"id_1869","male",26.004,12,14000
"id_1872","male",18.192,12,35000
"id_1873","male",16.817,12,22000
"id_1875","male",90.923,18,130000
"id_1878","female",29.321,12,8000
"id_1880","female",88.272,20,30000
"id_1881","male",42.474,12,40000
"id_1884","male",42.428,12,12500
"id_1885","female",65.232,16,35000
"id_1887","male",9.128,12,11000
"id_1889","male",42.279,13,35675
"id_1890","male",13.298,12,18000
"id_1891","male",46.449,12,26800
"id_1895","male",84.709,14,83000
"id_1896","female",85.085,18,28000
"id_1899","male",24.004,12,32000
"id_1902","female",48.953,12,40574
"id_1904","female",86.141,12,26000
"id_1905","female",58.233,12,45000
"id_1906","female",97.146,18,25000
"id_1910","male",55.765,12,55000
"id_1912","female",49.375,14,25000
"id_1913","female",41.544,14,14103
"id_1914","male",95.324,19,48000
"id_1916","male",66.692,19,74481
"id_1917","male",27.775,12,48000
"id_1918","male",74.519,12,68000
"id_1920","male",57.75,14,2000
"id_1924","male",39.286,16,65000
"id_1925","male",66.523,12,44000
"id_1926","female",31.904,12,16000
"id_1927","female",53.586,12,21455
"id_1929","female",95.734,14,81000
"id_1930","male",95.174,16,45000
"id_1944","male",82.351,14,86000
"id_1947","female",41.857,12,16000
"id_1950","male",63.15,16,22000
"id_1951","female",45.219,18,42000
"id_1952","male",46.049,17,85000
"id_1953","female",87.413,19,24000
"id_1954","female",87.743,16,4000
"id_1955","male",79.36,14,60000
"id_1957","male",10.797,12,47000
"id_1958","male",79.33,15,45000
"id_1959","male",29.263,12,36000
"id_1961","male",48.541,12,100000
"id_1962","female",10.28,12,25000
"id_1963","male",63.4,12,67000
"id_1964","male",29.838,12,30000
"id_1965","female",52.187,12,25000
"id_1966","male",85.623,12,42000
"id_1967","female",61.486,16,40000
"id_1971","male",51.182,12,65000
"id_1975","male",80.742,12,41000
"id_1976","female",64.089,16,36000
"id_1977","male",37.901,12,50000
"id_1978","male",29.377,14,48000
"id_1985","female",59.974,12,25000
"id_1986","female",69.903,14,23000
"id_1988","male",15.656,12,46000
"id_1990","female",63.26,12,26000
"id_1992","male",24.185,13,68000
"id_1994","female",75.484,13,28000
"id_1995","female",33.083,15,3000
"id_1996","male",53.612,12,32000
"id_1998","male",59.463,12,9724
"id_1999","female",67.772,19,46000
"id_2002","female",35.088,12,12000
"id_2003","female",13.023,12,8000
"id_2005","male",84.088,16,78000
"id_2007","male",92.051,14,143000
"id_2010","male",75.4,19,12000
"id_2011","female",70.191,15,25000
"id_2012","female",39.888,12,32000
"id_2013","female",86.555,12,9200
"id_2014","male",54.184,12,27000
"id_2018","male",72.231,12,27640
"id_2020","male",23.806,12,26000
"id_2024","male",89.508,15,65000
"id_2027","female",93.336,19,9000
"id_2029","male",93.935,20,135000
"id_2030","female",77.209,18,5500
"id_2031","male",2.044,11,36000
"id_2032","male",22.171,12,32000
"id_2033","male",66.318,12,157117
"id_2034","male",56.852,16,52000
"id_2035","female",78.055,12,25000
"id_2037","female",91.541,19,2700
"id_2038","male",97.36,18,162919
"id_2040","male",85.929,14,14969
"id_2041","male",72.82,14,20000
"id_2042","female",91.215,18,6000
"id_2045","male",56.026,12,30000
"id_2046","female",27.156,12,24000
"id_2047","male",73.594,13,55000
"id_2049","female",88.874,16,33000
"id_2051","male",6.945,11,20000
"id_2055","male",68.805,12,30000
"id_2056","male",57.501,16,135000
"id_2057","female",31.002,15,9000
"id_2061","female",88.199,16,50000
"id_2062","female",39.555,18,110000
"id_2066","female",27.605,12,29000
"id_2067","male",43.433,12,60000
"id_2068","female",55.547,16,35000
"id_2070","female",13.237,12,60000
"id_2071","female",88.381,14,1000
"id_2072","female",89.269,12,4000
"id_2073","female",85.923,12,22000
"id_2074","female",77.334,12,58000
"id_2075","male",59.435,12,66000
"id_2076","female",30.985,12,39144
"id_2079","female",38.187,12,28000
"id_2080","male",59.98,12,17000
"id_2081","male",51.661,12,46000
"id_2083","female",94.93,16,26000
"id_2086","male",39.837,12,27000
"id_2087","male",48.513,12,40000
"id_2088","female",56.782,14,30000
"id_2089","male",20.616,12,40000
"id_2090","male",22.22,12,37000
"id_2093","male",69.551,12,48000
"id_2094","female",7.262,12,29000
"id_2096","male",32.475,16,92000
"id_2097","male",34.695,12,71000
"id_2099","female",35.591,13,62000
"id_2100","male",89.871,12,52000
"id_2101","male",81.726,12,90000
"id_2102","female",41.532,12,24000
"id_2104","female",68.95,12,34500
"id_2106","male",37.24,12,52000
"id_2107","male",73.284,14,5100
"id_2113","male",96.423,19,100000
"id_2119","female",60.326,14,9000
"id_2120","female",51.624,14,4000
"id_2122","male",9.545,12,26000
"id_2123","female",60.172,18,33600
"id_2124","female",84.248,16,115000
"id_2126","female",72.964,17,42000
"id_2132","female",55.993,14,104000
"id_2133","female",48.488,15,39400
"id_2134","female",9.566,9,10000
"id_2135","male",18.212,12,70000
"id_2136","female",55.103,17,34500
"id_2138","male",71.84,12,36000
"id_2140","female",40.889,12,55000
"id_2144","male",94.079,16,57000
"id_2145","male",61.172,13,50000
"id_2146","female",55.691,12,14000
"id_2147","male",77.202,14,34000
"id_2148","female",63.751,15,16557
"id_2152","female",46.721,12,28000
"id_2153","female",37.209,12,12000
"id_2156","female",53.265,12,40500
"id_2157","male",37.901,12,24000
"id_2158","female",63.872,12,3600
"id_2159","male",66.343,16,70000
"id_2163","male",28.73,14,60000
"id_2164","female",64.628,18,69000
"id_2165","female",26.635,12,12000
"id_2167","female",31.225,16,48000
"id_2168","male",88.021,16,57600
"id_2169","male",68.018,13,57000
"id_2172","male",35.637,14,63000
"id_2173","male",61.735,12,52000
"id_2178","male",72.005,16,44000
"id_2180","male",45.257,12,40000
"id_2182","male",75.725,12,65000
"id_2187","male",36.06,13,90000
"id_2188","male",17.457,14,36000
"id_2190","female",22.95,13,18000
"id_2194","male",13.425,9,30000
"id_2196","female",42.225,12,5280
"id_2200","female",96.691,17,65000
"id_2201","female",36.411,12,32000
"id_2202","male",81.08,16,35000
"id_2203","female",26.932,12,22500
"id_2204","female",61.699,15,26074
"id_2205","female",53.188,14,52000
"id_2207","male",70.593,14,30000
"id_2208","male",23.7,12,25000
"id_2209","male",18.385,13,36000
"id_2214","female",34.895,15,11000
"id_2216","male",49.406,12,43000
"id_2218","male",63.184,16,70000
"id_2220","male",97.867,16,82000
"id_2222","male",92.442,16,46000
"id_2223","male",39.914,12,55000
"id_2224","female",17.081,10,5000
"id_2225","female",16.597,12,56000
"id_2227","male",36.775,12,28263
"id_2229","female",64.933,12,33000
"id_2230","female",88.797,16,40000
"id_2237","female",92.195,18,64000
"id_2243","female",68.307,16,30000
"id_2247","female",68.218,12,58000
"id_2250","female",9.393,12,20000
"id_2251","female",6.124,12,7225
"id_2254","female",5.171,10,30000
"id_2255","male",16.2,8,45000
"id_2261","male",7.878,12,32000
"id_2264","male",42.749,12,13000
"id_2265","female",20.49,14,15000
"id_2266","male",5.007,12,15000
"id_2270","female",21.855,12,15000
"id_2271","female",18.606,12,13000
"id_2278","female",77.514,15,49000
"id_2284","female",95.913,13,50000
"id_2285","female",72.013,20,55000
"id_2286","female",96.655,16,26000
"id_2291","male",95.949,16,60200
"id_2299","female",97.706,16,47000
"id_2301","female",86.817,16,71500
"id_2302","male",80.788,17,112000
"id_2304","male",38.541,12,50000
"id_2313","female",49.802,12,25000
"id_2314","male",61.328,12,50000
"id_2316","male",24.702,12,30000
"id_2318","male",61.993,9,43000
"id_2322","female",63.353,12,46000
"id_2323","male",39.111,16,100000
"id_2324","female",65.301,16,102000
"id_2326","male",28.79,12,44000
"id_2327","male",65.774,12,26000
"id_2328","female",86.148,16,31000
"id_2329","male",69.687,16,40000
"id_2332","male",71.851,15,26524
"id_2333","female",53.448,13,85000
"id_2334","male",29.171,12,37500
"id_2337","female",74.637,14,35650
"id_2339","female",98.849,19,235236
"id_2341","male",78.245,14,68000
"id_2344","male",9.97,14,44000
"id_2348","female",2.093,10,14560
"id_2360","female",43.07,17,18500
"id_2361","male",3.283,12,99000
"id_2372","male",93.923,16,65000
"id_2375","female",55.494,13,80000
"id_2376","male",71.019,13,60000
"id_2380","male",73.886,12,22000
"id_2382","male",44.078,15,40000
"id_2383","female",45.054,12,8500
"id_2385","male",65.8,14,62000
"id_2386","male",57.65,15,68000
"id_2394","female",75.648,12,60000
"id_2396","female",6.227,12,13986
"id_2398","female",24.581,10,32000
"id_2400","female",83.187,12,24024
"id_2401","male",26.892,12,48000
"id_2403","male",9.333,11,18000
"id_2404","female",34.726,12,28800
"id_2410","female",41.414,14,13000
"id_2412","female",35.114,12,15000
"id_2413","male",14.248,12,40000
"id_2415","male",87.508,14,55000
"id_2417","male",23.088,13,42500
"id_2418","female",34.796,12,35000
"id_2419","male",24.569,10,55000
"id_2420","female",32.849,12,7500
"id_2425","male",7.627,12,35000
"id_2426","female",32.946,13,8200
"id_2427","male",47.464,12,75000
"id_2434","female",62.347,12,20000
"id_2435","female",89.248,12,35000
"id_2436","female",44.875,12,78000
"id_2437","female",79.569,14,125000
"id_2438","male",88.511,17,90000
"id_2439","male",68.273,12,32000
"id_2442","female",45.63,18,79000
"id_2443","male",56.491,14,36000
"id_2444","female",55.573,16,50000
"id_2447","female",48.144,13,37770
"id_2450","female",39.399,12,14750
"id_2451","male",57.518,12,23100
"id_2452","female",41.091,12,30000
"id_2459","female",26.828,12,4560
"id_2460","male",38.338,12,10875
"id_2461","female",62.172,17,61000
"id_2462","female",32.803,11,18420
"id_2464","male",84.734,13,185950
"id_2466","male",19.489,10,22000
"id_2470","male",67.455,12,46500
"id_2471","female",38.305,12,20000
"id_2473","female",97.301,12,42000
"id_2474","female",84.254,14,10574
"id_2475","male",74.784,12,56000
"id_2477","male",75.661,15,33000
"id_2478","female",37.129,12,20376
"id_2479","male",69.48,12,25000
"id_2483","female",21.622,12,29000
"id_2485","female",25.739,11,18000
"id_2489","male",57.85,13,30000
"id_2494","male",79.94,16,72000
"id_2523","female",90.558,14,48000
"id_2526","male",58.333,17,80000
"id_2527","male",9.203,12,60000
"id_2528","female",13.091,12,6000
"id_2529","female",28.439,12,5000
"id_2530","female",18.716,12,27000
"id_2535","male",24.83,12,41000
"id_2537","male",35.987,12,13100
"id_2539","male",29.224,12,38000
"id_2540","male",30.17,12,25000
"id_2541","male",98.399,12,70000
"id_2542","female",62.877,13,12800
"id_2544","female",38.63,16,98000
"id_2545","male",75.455,16,103000
"id_2547","male",42.818,12,52000
"id_2549","female",92.726,18,38000
"id_2550","male",65.344,16,36660
"id_2551","female",99.523,16,39500
"id_2552","female",86.171,16,33500
"id_2553","male",72.096,12,39800
"id_2556","female",70.61,12,19000
"id_2557","male",93.207,16,96000
"id_2558","female",74.219,19,61000
"id_2559","female",71.891,14,49000
"id_2564","female",30.568,12,16000
"id_2565","female",97.161,16,44000
"id_2566","female",74.666,14,32000
"id_2568","male",76.751,14,25000
"id_2569","female",88.401,18,24000
"id_2570","female",75.897,16,15300
"id_2572","male",66.774,16,70500
"id_2574","male",37.594,12,32000
"id_2578","male",7.222,12,22000
"id_2579","male",98.327,12,26350
"id_2582","male",20.223,12,34000
"id_2584","male",10.007,12,44000
"id_2585","female",51.366,13,56000
"id_2587","male",6.212,7,25500
"id_2588","female",97.318,18,70000
"id_2589","male",94.663,20,125000
"id_2590","female",87.121,16,60000
"id_2591","female",66.724,12,34000
"id_2592","female",43.541,12,22800
"id_2594","male",34.866,12,62000
"id_2602","male",73.986,13,37000
"id_2603","female",86.396,19,41000
"id_2606","female",78.782,16,51000
"id_2607","female",90.608,16,35000
"id_2610","male",81.963,12,25000
"id_2613","male",75.03,13,40000
"id_2614","male",23.741,12,50000
"id_2615","female",76.118,12,17000
"id_2616","male",56.648,14,95000
"id_2620","male",67.777,14,59500
"id_2622","female",93.856,20,33000
"id_2626","female",63.94,20,38000
"id_2628","female",77.623,18,8000
"id_2629","female",58.878,12,39264
"id_2630","male",74.682,17,70000
"id_2633","male",99.581,16,92000
"id_2636","female",58.714,18,40500
"id_2637","male",91.219,16,48000
"id_2642","male",94.6,18,68000
"id_2646","female",74.779,18,90000
"id_2647","male",47.616,14,220904
"id_2649","male",98.587,18,37000
"id_2650","male",57.532,12,15000
"id_2651","female",44.873,12,3983
"id_2652","female",53.648,12,31658
"id_2653","male",4.107,6,20000
"id_2654","female",17.893,12,20000
"id_2655","female",7.355,10,5300
"id_2658","male",4.014,12,8000
"id_2659","female",13.369,12,2000
"id_2661","male",7.37,9,18674
"id_2665","male",21.392,12,24000
"id_2666","male",1.722,9,13700
"id_2669","female",8.169,12,5000
"id_2670","female",30.126,12,23500
"id_2672","female",13.722,12,11000
"id_2675","female",16.569,7,17000
"id_2676","male",2.64,10,27000
"id_2677","female",30.421,13,22000
"id_2679","female",50.68,12,3890
"id_2682","male",5.464,12,12000
"id_2683","female",1.949,11,30000
"id_2684","male",78.514,20,40000
"id_2685","male",87.232,17,58000
"id_2688","male",74.478,14,32000
"id_2689","female",38.206,12,30000
"id_2690","female",34.223,12,28000
"id_2694","male",57.714,15,25000
"id_2695","female",63.262,20,80000
"id_2696","male",47.892,14,46000
"id_2698","female",2.09,6,6000
"id_2699","female",7.961,12,8000
"id_2701","female",25.652,16,88000
"id_2702","male",73.187,16,91500
"id_2703","male",56.056,16,125000
"id_2705","female",1.93,9,14000
"id_2706","female",22.776,12,36500
"id_2707","male",12.32,12,24000
"id_2708","male",13.404,12,25000
"id_2709","female",34.134,12,16257
"id_2710","female",6.748,12,26000
"id_2711","male",31.136,12,30620
"id_2714","male",90.519,16,45000
"id_2716","male",10.747,9,35000
"id_2723","female",34.081,16,62000
"id_2724","male",79.723,18,167252
"id_2725","male",92.116,14,26000
"id_2727","female",67.905,14,30500
"id_2728","male",59.815,10,50000
"id_2729","female",52.886,12,7000
"id_2730","female",19.73,16,10000
"id_2732","male",55.89,12,33955
"id_2736","female",62.998,14,27000
"id_2744","female",37.729,14,4000
"id_2745","male",52.01,12,28000
"id_2746","female",31.161,13,30000
"id_2747","male",13.768,9,9984
"id_2748","female",8.081,12,25000
"id_2760","male",51.839,12,26000
"id_2765","male",46.116,14,72000
"id_2767","male",8.889,14,33000
"id_2770","female",62.129,16,57000
"id_2771","female",30.365,16,10000
"id_2772","male",16.598,12,21000
"id_2773","male",31.63,14,34000
"id_2774","male",68.644,14,60000
"id_2775","female",76.999,12,19500
"id_2780","male",10.37,12,32000
"id_2781","female",56.208,12,18000
"id_2797","male",4.598,12,50000
"id_2800","male",98.512,18,35000
"id_2803","male",18.985,13,58000
"id_2804","female",32.049,16,52000
"id_2809","female",86.026,17,15000
"id_2810","female",49.671,12,8000
"id_2811","male",24.308,12,25000
"id_2813","male",86.52,16,75000
"id_2815","male",53.908,13,35000
"id_2816","male",13.683,12,82000
"id_2823","female",62.369,17,50000
"id_2829","female",4.517,12,32000
"id_2830","male",72.247,12,19000
"id_2832","male",47.307,12,48000
"id_2838","male",95.237,16,69500
"id_2839","male",73.761,13,71000
"id_2840","female",95.131,18,88000
"id_2841","female",96.898,14,50000
"id_2842","male",87.04,14,94000
"id_2845","male",100,20,70000
"id_2847","female",99.445,19,48000
"id_2848","female",97.137,16,19285
"id_2851","male",96.763,18,357310
"id_2852","male",33.73,12,33000
"id_2856","female",56.854,14,16000
"id_2858","male",84.767,12,56000
"id_2861","male",97.983,17,124000
"id_2863","female",41.306,12,40000
"id_2864","female",32.795,12,22000
"id_2866","male",57.774,13,120000
"id_2867","female",27.951,11,10000
"id_2868","male",56.211,16,74000
"id_2870","male",74.671,18,126000
"id_2871","male",56.887,18,80000
"id_2877","female",84.187,14,45000
"id_2894","female",94.588,16,166924
"id_2895","male",81.941,16,194031
"id_2896","male",85.579,18,162733
"id_2899","female",62.044,16,30000
"id_2900","female",98.481,18,500
"id_2902","female",98.731,20,33000
"id_2906","male",84.155,19,85000
"id_2910","female",93.168,18,35000
"id_2911","female",4.106,12,2000
"id_2912","male",36.386,12,15000
"id_2913","male",12.978,13,42000
"id_2920","male",52.232,12,75000
"id_2921","male",39.227,12,60000
"id_2928","female",96.193,16,10088
"id_2929","female",84.197,18,46000
"id_2930","female",70.097,16,32000
"id_2936","female",70.882,18,40000
"id_2939","male",98.472,15,65000
"id_2941","male",92.533,20,180621
"id_2942","female",18.324,13,10372
"id_2944","male",64.365,12,32000
"id_2946","female",85.937,16,62000
"id_2948","female",79.666,16,12500
"id_2949","female",52.547,16,20000
"id_2950","male",81.036,16,93000
"id_2952","female",54.754,14,35000
"id_2953","male",33.606,10,85000
"id_2957","male",80.16,20,35000
"id_2959","female",77.435,20,110000
"id_2961","female",78.001,19,68000
"id_2962","male",59.686,16,140000
"id_2971","male",2.081,9,2100
"id_2974","male",31.213,12,89000
"id_2975","male",95.172,14,42000
"id_2976","male",68.2,12,53000
"id_2977","male",40.065,12,40000
"id_2978","female",36.622,12,9000
"id_2980","male",98.312,20,170
"id_2981","male",53,13,18300
"id_2984","male",96.417,16,359118
"id_2985","male",90.461,16,100000
"id_2988","male",78.044,16,100000
"id_2990","female",74.992,12,5000
"id_2991","female",60.487,16,45000
"id_2994","male",64.927,12,97200
"id_2995","female",28.057,12,24000
"id_2996","male",68.855,14,60000
"id_2997","male",56.956,12,74000
"id_2998","male",65.906,12,42000
"id_3016","male",79.756,16,85000
"id_3019","male",63.843,18,85000
"id_3020","female",47.078,12,10800
"id_3023","female",35.837,12,30000
"id_3024","male",27.309,13,85000
"id_3025","female",94.201,14,1500
"id_3030","male",9.639,11,28500
"id_3033","male",75.947,18,150000
"id_3035","female",71.321,12,30000
"id_3036","female",84.533,12,52000
"id_3037","male",72.993,12,72000
"id_3039","male",71.201,12,65000
"id_3041","female",92.464,13,12000
"id_3046","female",13.119,12,30000
"id_3047","female",35.153,13,7200
"id_3050","male",3.838,8,60000
"id_3051","female",42.04,12,17000
"id_3054","female",29.399,12,15000
"id_3055","male",18.999,12,30000
"id_3057","female",19.496,12,18000
"id_3058","female",49.827,14,77000
"id_3062","male",82.256,16,282588
"id_3065","female",10.181,12,25000
"id_3077","male",16.973,12,70000
"id_3079","female",55.687,12,30000
"id_3081","female",63.437,12,37000
"id_3082","male",58.906,12,25000
"id_3084","male",89.903,16,183223
"id_3085","female",87.496,16,25000
"id_3089","male",93.403,15,13000
"id_3090","female",73.371,12,31600
"id_3091","female",39.958,14,41000
"id_3094","female",14.147,12,2200
"id_3095","female",42.733,12,18000
"id_3100","male",27.065,12,50000
"id_3107","female",65.348,15,22000
"id_3109","female",98.588,18,58000
"id_3111","female",80.097,18,43000
"id_3112","female",44.232,18,105000
"id_3113","female",40.008,12,40000
"id_3117","female",64.261,14,87000
"id_3118","female",35.994,12,28000
"id_3120","female",34.968,13,1200
"id_3127","male",16.094,12,22000
"id_3134","female",21.288,12,6000
"id_3137","male",85.855,18,120000
"id_3138","male",37.729,12,50000
"id_3140","male",52.478,13,73000
"id_3141","male",94.082,16,80000
"id_3142","male",100,18,106000
"id_3143","female",50.223,16,53000
"id_3145","female",80.71,16,5000
"id_3146","female",74.184,17,62000
"id_3150","female",85.289,16,138000
"id_3151","female",39.186,12,47000
"id_3153","female",79.758,16,151083
"id_3154","female",87.711,16,10000
"id_3157","female",56.562,16,60000
"id_3159","male",69.35,16,40000
"id_3161","male",49.448,15,30000
"id_3163","female",35.413,12,34000
"id_3168","male",90.399,19,115000
"id_3170","male",98.699,19,268323
"id_3171","male",96.789,18,152840
"id_3173","male",96.915,20,125000
"id_3177","male",15.835,12,55000
"id_3192","male",31.785,12,28000
"id_3194","male",25.518,12,40000
"id_3195","male",59.617,12,48000
"id_3196","male",66.428,12,72000
"id_3197","female",43.955,12,31500
"id_3198","female",69.661,19,53600
"id_3199","female",16.749,12,29500
"id_3201","female",88.518,14,32000
"id_3205","female",83.732,16,90000
"id_3208","male",92.189,16,135000
"id_3215","male",68.957,12,40000
"id_3218","female",50.82,13,6000
"id_3219","male",60.974,14,72000
"id_3221","female",87.803,12,67000
"id_3224","male",77.251,18,130000
"id_3225","female",81.344,14,6700
"id_3230","male",8.961,10,80000
"id_3231","female",61.426,14,41600
"id_3232","male",45.018,14,27000
"id_3234","female",64.311,15,30000
"id_3235","male",74.936,12,26000
"id_3236","female",69.055,12,3000
"id_3237","female",45.032,13,42000
"id_3238","female",85.024,19,28000
"id_3239","male",63.447,17,30000
"id_3240","male",96.819,19,46000
"id_3242","female",55.896,12,9000
"id_3243","female",58.532,16,50000
"id_3244","female",82.18,18,24000
"id_3246","male",38.573,12,49400
"id_3249","female",56.14,14,25000
"id_3250","female",99.453,14,12000
"id_3252","female",28.527,12,29000
"id_3254","female",67.565,12,26800
"id_3256","male",97.873,20,80000
"id_3257","male",98.634,18,75000
"id_3263","male",96.452,16,89000
"id_3266","female",44.505,16,250
"id_3267","male",78.896,12,23000
"id_3269","female",47.051,14,17000
"id_3273","female",10.456,12,24000
"id_3277","male",84.126,12,60000
"id_3278","female",60.446,19,147
"id_3281","male",55.405,13,37000
"id_3282","male",33.772,13,52000
"id_3284","male",50.333,15,113000
"id_3285","female",14.453,12,30000
"id_3287","female",39.989,13,1800
"id_3289","male",94.381,16,140000
"id_3290","male",93.795,20,150000
"id_3303","female",94.269,16,18000
"id_3307","male",21.33,15,20000
"id_3308","female",20.264,14,20000
"id_3309","female",92.951,17,54000
"id_3310","male",27.814,12,32000
"id_3311","male",18.024,11,25000
"id_3312","female",6.887,15,24000
"id_3319","male",15.354,10,6000
"id_3321","female",12.579,10,21000
"id_3324","male",30.357,12,96000
"id_3325","female",4.022,12,300
"id_3329","male",70.007,12,45000
"id_3330","male",21.713,13,145000
"id_3331","male",18.388,13,32000
"id_3337","female",89.081,18,89000
"id_3338","female",89.463,16,2000
"id_3341","female",38.607,18,39000
"id_3343","female",24.527,10,19968
"id_3346","male",19.847,12,58000
"id_3347","female",35.431,12,40000
"id_3350","female",59.694,14,10000
"id_3352","female",76.359,16,1200
"id_3353","male",16.881,12,44000
"id_3354","male",32.157,14,10000
"id_3355","female",62.443,14,50000
"id_3356","male",43.776,14,2000
"id_3357","male",63.141,18,150490
"id_3359","male",72.763,15,45000
"id_3360","female",67.272,16,32000
"id_3361","male",75.092,20,703637
"id_3374","male",51.063,12,68000
"id_3375","male",48.318,14,50000
"id_3376","male",74.979,18,73000
"id_3378","female",58.958,16,8220
"id_3379","male",81.031,18,99000
"id_3380","male",90.763,14,900
"id_3381","male",79.141,12,125000
"id_3387","female",65.907,16,45000
"id_3389","male",72.59,12,60000
"id_3390","male",80.348,20,80000
"id_3391","male",100,17,30824
"id_3392","male",33.465,13,45000
"id_3393","female",27.639,17,25000
"id_3394","male",65.826,19,85000
"id_3397","female",48.483,12,13000
"id_3401","male",35.316,13,32000
"id_3403","male",52.847,12,120000
"id_3405","male",95.206,13,43500
"id_3406","female",87.896,17,38500
"id_3410","male",73.196,16,65000
"id_3413","female",73.678,12,36000
"id_3417","male",41.461,12,8000
"id_3418","female",46.63,12,46000
"id_3420","male",76.206,14,72000
"id_3421","female",77.549,13,105000
"id_3422","female",75.246,18,2000
"id_3423","female",89.754,16,27000
"id_3424","female",86.745,14,33000
"id_3425","male",79.069,13,77000
"id_3429","female",84.702,16,200
"id_3431","male",100,17,171428
"id_3432","female",92.486,13,24626
"id_3433","female",68.906,16,4000
"id_3436","female",0,8,8000
"id_3438","female",0,7,14000
"id_3440","male",12.346,11,61000
"id_3444","female",25.156,12,19200
"id_3452","female",44.827,12,20000
"id_3455","male",63.061,12,61200
"id_3456","female",39.194,12,10000
"id_3457","female",14.135,14,26000
"id_3458","female",25.83,14,28000
"id_3463","male",63.241,16,57000
"id_3464","male",96.279,16,96000
"id_3465","female",82.154,12,35000
"id_3466","male",88.224,16,60000
"id_3467","female",43.428,12,17000
"id_3468","male",94.705,15,72000
"id_3471","male",18.838,12,40000
"id_3475","female",18.263,12,26000
"id_3477","female",63.21,14,18520
"id_3479","male",39.476,12,80000
"id_3481","female",65.371,14,47000
"id_3482","male",14.447,13,65000
"id_3487","female",34.632,12,39000
"id_3491","female",21.083,12,13000
"id_3492","male",66.416,12,47000
"id_3493","male",56.788,12,40000
"id_3494","male",51.167,13,87000
"id_3495","male",36.121,12,80000
"id_3496","female",63.829,14,24600
"id_3497","male",91.675,15,77000
"id_3502","female",43.096,12,41000
"id_3503","male",56.814,12,88000
"id_3505","female",56.313,14,67000
"id_3506","female",79.063,16,18000
"id_3508","female",21.706,12,18000
"id_3511","female",81.893,12,16000
"id_3513","male",18.312,12,27000
"id_3514","female",74.184,12,24000
"id_3515","male",99.396,18,97000
"id_3521","male",40.802,14,44000
"id_3522","female",13.607,12,500
"id_3524","female",27.02,13,52000
"id_3527","female",58.406,12,3800
"id_3530","male",95.493,16,62000
"id_3531","female",65.807,13,11000
"id_3533","male",85.393,14,135000
"id_3535","female",92.404,19,82376
"id_3537","female",38.672,12,26000
"id_3538","male",67.319,12,33900
"id_3540","male",36.551,11,37000
"id_3543","female",29.695,12,18000
"id_3544","female",5.665,12,3200
"id_3545","female",40.382,14,31000
"id_3546","female",55.054,15,65000
"id_3547","female",40.401,14,35000
"id_3548","female",23.819,14,40000
"id_3549","female",29.121,12,1500
"id_3550","male",62.616,12,25000
"id_3551","female",95.741,16,65000
"id_3552","female",83.704,14,38000
"id_3553","male",78.494,12,55000
"id_3554","female",65.232,10,38000
"id_3558","female",72.743,17,96000
"id_3559","male",83.662,12,60000
"id_3561","male",4.231,12,42000
"id_3562","male",16.231,12,5000
"id_3563","male",25.734,12,34000
"id_3565","female",84.823,12,36000
"id_3567","male",62.489,14,2760
"id_3569","male",19.175,12,42000
"id_3570","male",4.347,9,56000
"id_3572","female",18.677,10,14000
"id_3574","female",98.092,12,47000
"id_3575","male",28.797,12,56000
"id_3579","male",42.908,12,45000
"id_3580","male",75.229,12,36000
"id_3581","male",55.513,16,129000
"id_3582","male",77.911,18,150000
"id_3583","male",99.022,19,100000
"id_3584","female",18.188,12,16000
"id_3585","male",94.65,16,159168
"id_3587","male",76.091,14,43000
"id_3588","male",71.155,18,60000
"id_3589","male",51.56,12,50987
"id_3591","male",77.562,12,4471
"id_3592","male",61.802,12,56000
"id_3597","female",54.584,14,7000
"id_3600","male",57.648,12,60000
"id_3601","female",79.229,16,40000
"id_3606","female",57.872,13,35000
"id_3607","male",32.823,11,16000
"id_3608","male",90.06,16,69000
"id_3609","female",50.181,14,39000
"id_3610","female",18.919,15,7900
"id_3611","female",45.548,12,15000
"id_3614","female",91.863,19,10180
"id_3616","male",91.974,12,35000
"id_3617","male",78.008,16,89000
"id_3619","male",88.649,18,32500
"id_3620","male",38.967,12,32000
"id_3623","male",92.432,16,35000
"id_3625","female",92.207,16,26000
"id_3628","male",50.492,17,189210
"id_3640","male",1.107,12,21000
"id_3641","female",44.391,18,51000
"id_3643","female",33.724,17,38000
"id_3649","female",12.016,12,29400
"id_3650","female",33.934,12,32000
"id_3651","female",50.502,16,65000
"id_3657","male",8.601,11,38000
"id_3660","male",6.285,12,23400
"id_3661","female",38.955,14,4500
"id_3664","male",78.053,18,68000
"id_3666","male",89.195,13,36000
"id_3667","female",76.656,14,6360
"id_3669","female",93.677,16,10000
"id_3676","male",90.283,16,74000
"id_3677","female",90.778,16,60000
"id_3679","female",67.885,15,85000
"id_3686","male",76.418,16,69000
"id_3690","male",97.84,18,138000
"id_3693","male",33.068,9,30000
"id_3694","male",40.937,12,56000
"id_3697","female",23.181,12,5000
"id_3699","female",11.84,12,20477
"id_3705","female",71.213,14,45000
"id_3706","male",37.08,13,42000
"id_3708","male",87.553,12,144000
"id_3709","female",57.749,16,30000
"id_3714","female",64.857,15,25000
"id_3718","female",47.308,15,28013
"id_3719","female",29.347,12,29000
"id_3721","male",83.258,12,52000
"id_3722","male",53.708,12,55000
"id_3723","male",45.716,12,16000
"id_3725","female",40.026,13,23000
"id_3730","female",87.574,14,25275
"id_3732","male",99.473,12,36000
"id_3734","female",83.973,15,30000
"id_3735","female",59.053,12,60000
"id_3736","female",69.238,12,49000
"id_3737","female",44.255,12,58000
"id_3738","female",34.888,12,18000
"id_3739","female",68.557,12,16000
"id_3740","female",16.42,12,20000
"id_3741","female",31.36,12,9300
"id_3742","male",38.276,9,98000
"id_3745","male",95.983,16,32089
"id_3746","female",28.755,12,16390
"id_3751","male",60.681,12,45000
"id_3754","female",81.924,12,33000
"id_3757","male",97.506,18,95000
"id_3758","female",86.305,13,11000
"id_3760","male",54.302,12,33000
"id_3766","male",73.454,15,78000
"id_3770","female",54.943,12,52000
"id_3771","female",87.764,18,32253
"id_3775","female",71.105,16,53000
"id_3780","male",66.841,12,55000
"id_3784","female",35.256,12,29000
"id_3787","female",50.928,15,12000
"id_3789","male",59.009,12,52000
"id_3790","female",39.133,12,22049
"id_3791","female",73.529,14,47000
"id_3792","male",94.762,17,88000
"id_3793","female",49.422,14,55000
"id_3794","female",66.337,15,30000
"id_3796","female",94.245,12,34000
"id_3800","female",65.354,17,8000
"id_3803","male",81.774,18,69000
"id_3804","female",80.927,18,40000
"id_3805","male",78.523,16,95000
"id_3807","male",49.038,15,51000
"id_3809","female",93.854,16,100000
"id_3812","female",100,16,100000
"id_3813","female",88.799,14,44000
"id_3814","female",62.096,12,42000
"id_3815","male",90.913,16,263445
"id_3819","female",11.317,12,15000
"id_3821","female",2.531,12,1500
"id_3822","male",6.558,12,5000
"id_3825","male",9.201,12,22000
"id_3829","male",49.06,12,167803
"id_3830","male",44.827,12,45000
"id_3833","male",50.489,12,40000
"id_3836","female",90.79,19,110000
"id_3837","female",57.761,12,35000
"id_3838","male",57.333,12,85000
"id_3844","male",84.585,14,65000
"id_3845","male",54.553,12,24000
"id_3846","female",74.995,12,52000
"id_3847","male",46.544,12,67000
"id_3850","female",64.154,12,32000
"id_3851","female",33.379,12,16000
"id_3852","male",50.215,12,14000
"id_3854","male",67.468,20,169884
"id_3855","female",93.686,20,16500
"id_3860","male",97.808,19,55000
"id_3861","male",91.35,16,25000
"id_3863","male",92.504,19,157957
"id_3865","male",92.807,20,176431
"id_3866","male",74.6,18,35000
"id_3867","female",70.7,14,1200
"id_3868","male",85.012,18,43450
"id_3872","female",96.59,16,30000
"id_3873","male",99.342,20,50000
"id_3874","male",97.67,16,519340
"id_3875","male",90.868,16,92000
"id_3883","male",82.984,15,45000
"id_3884","male",75.101,16,74000
"id_3886","male",99.6,17,101000
"id_3888","male",79.761,13,58000
"id_3889","female",86.544,16,15000
"id_3890","male",83.431,18,150000
"id_3892","male",93.865,16,102000
"id_3894","male",92.888,18,62000
"id_3895","male",93.615,20,20000
"id_3897","female",51.486,17,90000
"id_3898","male",75.594,16,110000
"id_3900","female",26.617,12,32000
"id_3901","male",84.705,15,45000
"id_3903","female",63.919,17,5200
"id_3904","male",74.43,18,51000
"id_3907","male",82.183,13,54000
"id_3908","female",50.191,13,30000
"id_3910","male",69.363,16,40000
"id_3911","female",77.538,18,29000
"id_3912","female",60.383,15,80000
"id_3916","male",77.034,18,97000
"id_3922","female",87.206,16,22000
"id_3929","female",26.367,12,10000
"id_3933","male",3.486,12,50000
"id_3938","female",1.849,12,22000
"id_3949","male",25.725,15,39000
"id_3952","female",33.771,16,50000
"id_3957","male",46.335,12,68000
"id_3958","male",13.954,12,40000
"id_3960","female",16.305,14,38000
"id_3964","female",79.54,17,39500
"id_3965","male",69.89,15,108000
"id_3966","male",78.668,20,155485
"id_3967","male",64.451,16,125000
"id_3972","female",80.035,17,28500
"id_3977","female",16.627,12,600
"id_3978","female",17.848,14,3000
"id_3980","male",100,16,444624
"id_3985","male",23.502,13,50000
"id_3989","male",37.626,13,52000
"id_3992","female",36.821,13,39900
"id_3994","male",51.047,12,26000
"id_3995","female",22.435,13,36000
"id_3996","female",5.375,14,40000
"id_4001","female",72.427,13,7800
"id_4004","male",60.943,12,46000
"id_4008","male",13.462,13,79000
"id_4009","male",68.077,14,25000
"id_4010","male",81.673,19,50000
"id_4013","male",13.418,12,36000
"id_4014","male",27.247,12,62000
"id_4015","female",38.207,14,22000
"id_4019","female",96.219,17,99000
"id_4021","female",52.841,13,27300
"id_4022","male",22.701,12,90000
"id_4023","female",99.7,16,65000
"id_4025","male",31.798,12,24000
"id_4028","female",24.289,12,24500
"id_4030","female",53.094,16,15000
"id_4032","male",84.93,12,35000
"id_4035","female",57.901,13,25000
"id_4036","male",44.242,12,52000
"id_4041","female",74.218,13,32000
"id_4042","male",65.827,15,68000
"id_4045","female",29.591,16,50000
"id_4046","male",13.281,12,18000
"id_4047","male",8.404,9,2400
"id_4048","male",79.94,12,25000
"id_4049","female",41.698,12,90000
"id_4051","female",85.097,13,1748
"id_4053","female",52.676,18,50000
"id_4054","female",33.359,14,45000
"id_4055","male",93.952,18,206869
"id_4056","male",68.436,16,50000
"id_4057","female",70.04,16,35000
"id_4060","female",84.638,14,6000
"id_4062","male",78.162,12,52000
"id_4064","male",91.216,12,20000
"id_4065","female",69.495,12,9000
"id_4067","male",40.633,12,30000
"id_4068","male",11.904,8,22000
"id_4071","female",20.078,12,15000
"id_4077","female",60.404,12,15000
"id_4085","female",27.619,12,11000
"id_4088","male",78.525,13,222924
"id_4089","female",43.387,12,20000
"id_4090","male",41.162,12,58000
"id_4092","female",60.81,18,42000
"id_4093","female",76.602,18,65000
"id_4097","female",87.379,12,66000
"id_4098","male",12.622,9,38800
"id_4103","female",40.437,12,36500
"id_4105","female",29.923,12,3408
"id_4106","male",94.695,16,62000
"id_4107","female",97.965,19,52000
"id_4108","female",57.772,16,23900
"id_4112","female",2.455,12,5700
"id_4113","male",8.489,12,9600
"id_4114","male",59.908,12,34000
"id_4124","female",64.006,18,61000
"id_4128","male",38.548,12,40000
"id_4129","male",64.073,14,45000
"id_4130","male",0.094,12,32500
"id_4131","female",80.354,13,50000
"id_4141","male",48.239,12,6000
"id_4142","female",30.605,12,20000
"id_4145","female",28.605,12,25000
"id_4147","female",59.747,16,32624
"id_4148","female",27.311,15,49000
"id_4153","female",50.374,15,75000
"id_4156","male",11.085,9,68000
"id_4159","male",20.127,12,30000
"id_4161","male",58.278,12,45000
"id_4163","female",82.644,12,29000
"id_4164","male",67.035,16,20000
"id_4171","male",92.381,16,90000
"id_4172","male",88.546,16,34900
"id_4173","female",9.084,12,12500
"id_4175","female",1.181,12,26000
"id_4181","male",35.322,11,15000
"id_4184","female",42.385,12,25000
"id_4191","male",91.533,18,85300
"id_4196","male",2.393,12,23000
"id_4200","female",17.959,15,32000
"id_4201","male",7.973,13,62000
"id_4205","male",4.197,12,32000
"id_4216","male",71.015,12,48000
"id_4219","female",31.476,14,42000
"id_4220","female",46.677,12,15000
"id_4222","female",73.808,12,23031
"id_4225","male",45.245,16,20000
"id_4226","male",92.621,20,85605
"id_4227","female",88.047,18,47000
"id_4228","female",20.119,13,75000
"id_4230","male",90.242,14,89000
"id_4231","female",53.729,14,10000
"id_4235","male",13.072,10,2000
"id_4236","female",85.846,13,58000
"id_4239","male",37.655,12,48000
"id_4240","male",63.549,12,50000
"id_4242","male",43.806,12,48000
"id_4245","male",64.895,15,75210
"id_4247","male",29.616,13,90000
"id_4249","female",65.798,12,26000
"id_4251","female",25.167,12,62500
"id_4252","female",67.444,14,41000
"id_4254","female",54.546,15,8900
"id_4257","female",46.367,16,34000
"id_4263","male",18.668,12,16000
"id_4265","female",57.462,13,27000
"id_4268","female",82.756,12,84600
"id_4274","female",14.209,12,11550
"id_4278","male",62.811,12,80000
"id_4279","male",65.452,12,150000
"id_4280","female",96.079,16,49000
"id_4285","male",50.641,16,40000
"id_4289","male",95.554,20,162660
"id_4290","female",92.849,20,75419
"id_4292","female",69.935,14,38000
"id_4295","female",41.293,14,76000
"id_4296","female",54.79,16,40000
"id_4297","male",62.172,13,88000
"id_4298","male",92.568,18,91000
"id_4299","male",73.296,16,42000
"id_4300","female",86.907,12,56000
"id_4302","male",80.481,20,53000
"id_4303","male",53.555,12,32000
"id_4306","female",86.339,18,32000
"id_4310","female",53.549,13,40000
"id_4312","male",1.645,12,18000
"id_4314","male",32.908,12,30000
"id_4316","male",31.008,14,8500
"id_4318","male",70.744,14,32000
"id_4323","female",37.618,13,15500
"id_4324","male",12.131,12,58000
"id_4326","female",60.762,12,13200
"id_4327","male",78.064,12,38000
"id_4330","male",6.546,14,50000
"id_4333","male",39.194,12,20000
"id_4335","male",15.933,11,67000
"id_4337","female",68.129,14,23000
"id_4338","male",58.604,12,22000
"id_4339","female",65.355,12,12000
"id_4345","female",34.151,12,14000
"id_4348","male",61.514,14,93000
"id_4350","male",90.927,16,26000
"id_4352","female",82.053,16,30000
"id_4353","female",67.705,16,120000
"id_4354","female",51.38,15,20000
"id_4355","male",68.338,16,22000
"id_4358","male",95.835,15,50000
"id_4366","female",78.596,15,70000
"id_4372","female",96.974,18,102500
"id_4374","male",22.964,12,30000
"id_4379","female",84.654,13,38000
"id_4382","male",98.695,16,18000
"id_4386","female",22.421,12,19900
"id_4390","male",25.824,12,34000
"id_4391","female",62.689,13,3500
"id_4392","female",76.762,16,37000
"id_4407","male",93.654,16,185662
"id_4408","female",77.518,18,92000
"id_4409","male",29.568,13,50000
"id_4410","male",58.528,16,63000
"id_4413","female",11.248,16,30000
"id_4417","female",4.607,10,19000
"id_4424","female",86.364,19,93000
"id_4425","female",93.673,18,22000
"id_4426","male",95.855,16,211052
"id_4427","male",52.997,12,45000
"id_4428","female",99.032,19,42000
"id_4429","male",93.797,19,49938
"id_4430","male",76.715,15,48000
"id_4438","female",31.428,13,95000
"id_4447","female",81.671,14,45291
"id_4448","male",94.559,16,95000
"id_4459","female",38.478,12,9000
"id_4461","male",9.581,12,18000
"id_4465","female",63.042,14,15000
"id_4466","male",46.534,16,80000
"id_4468","male",63.044,13,79000
"id_4469","female",14.771,12,31200
"id_4470","male",60.473,18,75000
"id_4471","male",93.33,20,140000
"id_4474","female",8.147,10,30700
"id_4476","female",21.407,8,25000
"id_4478","female",85.068,14,53000
"id_4480","male",87.942,16,202617
"id_4487","female",73.85,12,33000
"id_4488","female",94.247,13,108000
"id_4496","female",60.869,12,47000
"id_4498","male",61.509,12,39000
"id_4499","female",51.094,14,54300
"id_4503","male",4.853,11,18000
"id_4505","female",22.243,12,25000
"id_4506","female",17.592,14,30000
"id_4508","male",57.865,16,72000
"id_4509","male",98.905,14,72899
"id_4511","male",68.723,14,125000
"id_4513","male",72.061,15,48000
"id_4514","male",83.129,15,125000
"id_4517","male",26.623,16,146000
"id_4518","male",30.349,15,70000
"id_4519","male",38.736,12,50000
"id_4520","male",49.905,12,40000
"id_4524","male",65.975,12,50000
"id_4528","female",65.668,14,62987
"id_4531","male",66.623,16,113000
"id_4532","male",70.375,16,73000
"id_4534","female",72.163,13,35000
"id_4536","female",57.342,13,11000
"id_4538","female",41.962,12,40000
"id_4540","male",32.671,16,57000
"id_4541","female",7.177,12,35000
"id_4542","male",7.817,13,34000
"id_4543","female",18.514,12,1800
"id_4544","female",2.96,12,12000
"id_4548","male",89.282,16,100000
"id_4557","female",4.899,12,6580
"id_4560","female",64.81,14,21000
"id_4561","female",63.671,12,16000
"id_4563","male",43.186,12,60000
"id_4565","female",42.885,16,98000
"id_4566","male",74.431,12,90000
"id_4569","male",76.485,12,85000
"id_4570","female",84.593,17,72000
"id_4571","female",48.11,14,27359
"id_4576","female",35.674,18,16000
"id_4579","male",84.059,14,35000
"id_4582","female",55.052,13,50000
"id_4583","male",70.638,12,21000
"id_4586","male",85.959,12,38154
"id_4589","female",35.236,12,38200
"id_4590","female",74.952,17,58000
"id_4592","female",35.574,17,48000
"id_4594","female",35.76,12,25000
"id_4595","male",41.056,14,95000
"id_4596","male",66.351,12,65000
"id_4601","male",17.388,12,30000
"id_4602","female",60.716,14,10000
"id_4604","female",42.318,12,27412
"id_4606","male",83.831,16,15000
"id_4607","male",58.25,17,55000
"id_4609","male",91.857,20,194757
"id_4619","male",12.411,12,9500
"id_4621","male",66.439,12,24000
"id_4623","male",22.535,12,62000
"id_4624","female",38.467,15,27581
"id_4625","female",81.014,15,77000
"id_4626","female",65.198,20,130000
"id_4630","male",44.75,12,130000
"id_4632","female",60.639,16,45000
"id_4633","male",35.588,13,90000
"id_4634","male",68.487,18,355767
"id_4635","male",92.94,17,70000
"id_4636","male",31.028,14,99000
"id_4637","female",1.32,12,25000
"id_4638","female",4.875,12,17000
"id_4641","female",63.72,12,18000
"id_4642","male",55.007,13,90000
"id_4643","male",24.298,14,56000
"id_4646","male",36.39,12,24000
"id_4651","female",49.157,13,25000
"id_4652","male",92.296,16,60000
"id_4662","female",98.483,16,52000
"id_4665","female",83.307,14,15000
"id_4668","male",81.304,16,209400
"id_4669","male",30.372,14,40000
"id_4675","female",48.409,13,38000
"id_4676","male",86.921,12,45000
"id_4678","female",14.358,12,5000
"id_4680","male",71.684,12,14000
"id_4681","male",10.844,10,3000
"id_4683","female",74.499,18,10000
"id_4686","female",85.163,17,84000
"id_4687","male",84.843,13,68651
"id_4692","female",97.585,19,29000
"id_4694","female",69.189,15,4000
"id_4695","male",92.725,16,91500
"id_4698","male",69.532,16,108000
"id_4699","male",60.14,14,137000
"id_4701","male",59.027,12,197062
"id_4702","male",85.659,14,100000
"id_4704","male",66.998,15,5000
"id_4707","male",65.045,12,72000
"id_4710","male",13.195,12,15000
"id_4711","female",23.091,12,40000
"id_4714","female",64.763,12,45000
"id_4716","male",8.573,12,58000
"id_4717","female",44.228,14,3000
"id_4720","male",50.743,12,67000
"id_4722","male",44.638,12,35000
"id_4724","female",8.594,12,8400
"id_4729","male",45.692,14,15000
"id_4731","male",16.497,11,20017
"id_4732","male",19.224,12,21424
"id_4733","female",16.996,11,12000
"id_4734","female",23.5,12,12000
"id_4738","male",59.362,14,75000
"id_4742","female",100,16,30000
"id_4746","female",44.275,12,36000
"id_4747","male",11.038,12,12000
"id_4752","male",60.219,12,42000
"id_4753","female",89.164,16,33000
"id_4754","female",87.349,18,67000
"id_4755","male",56.643,12,54000
"id_4756","male",100,18,163271
"id_4758","female",84.623,18,60000
"id_4759","male",41.732,12,62000
"id_4760","male",95.519,17,34000
"id_4762","female",39.656,12,8600
"id_4764","male",31.668,12,55000
"id_4765","male",66.229,12,70000
"id_4767","male",100,19,40000
"id_4768","female",88.406,13,30000
"id_4770","male",56.987,12,31000
"id_4772","female",45.131,12,24000
"id_4774","female",44.272,12,4800
"id_4776","male",11.451,12,41000
"id_4777","female",34.099,12,22000
"id_4778","female",29.236,12,26000
"id_4779","male",16.44,12,27000
"id_4780","female",34.125,12,25000
"id_4788","male",43.564,12,66000
"id_4790","female",44.281,12,13000
"id_4793","male",86.859,16,115000
"id_4795","female",89.109,16,70000
"id_4798","female",90.344,19,90000
"id_4799","male",93.854,19,40500
"id_4803","female",82.637,13,19000
"id_4804","female",53.937,12,12000
"id_4805","male",61.977,15,90000
"id_4810","female",74.194,13,50000
"id_4812","female",98.187,16,80000
"id_4813","male",62.75,14,74000
"id_4815","female",90.394,14,58000
"id_4817","female",60.664,12,35000
"id_4818","male",81.962,12,21000
"id_4820","female",79.014,16,25000
"id_4822","female",44.296,12,30775
"id_4825","male",81.855,14,42000
"id_4826","female",71.626,18,57000
"id_4828","male",83.353,16,66768
"id_4829","male",90.563,16,126000
"id_4830","male",93.01,16,344856
"id_4831","male",95.503,18,54500
"id_4832","male",77.854,14,57000
"id_4834","male",56.188,16,80000
"id_4839","female",62.465,13,14000
"id_4840","male",84.43,15,24226
"id_4842","female",55.403,18,37000
"id_4843","male",54.678,16,45000
"id_4844","female",30.696,14,6000
"id_4849","female",44.859,12,20000
"id_4856","male",72.897,14,60000
"id_4858","male",75.431,12,64000
"id_4859","male",91.95,14,36000
"id_4862","male",92.938,13,39000
"id_4864","female",41.211,12,8575
"id_4865","female",69.395,15,25000
"id_4870","female",81.774,18,6000
"id_4871","female",95.394,16,34000
"id_4872","female",28.043,17,56000
"id_4873","female",89.918,16,55000
"id_4876","female",67.661,12,35000
"id_4879","male",65.964,12,26500
"id_4880","female",53.053,14,27000
"id_4881","male",66.586,14,80000
"id_4883","male",50.386,13,47000
"id_4884","male",67.232,12,33000
"id_4888","male",57.352,12,38083
"id_4889","male",78.181,14,65000
"id_4890","female",38.555,13,22000
"id_4892","male",56.759,16,72000
"id_4894","male",77.629,16,81000
"id_4896","male",80.642,16,90000
"id_4899","female",15.864,14,20000
"id_4900","male",55.398,12,50000
"id_4901","male",23.682,11,32000
"id_4906","female",8.811,12,7300
"id_4907","male",86.847,20,188255
"id_4911","male",70.097,12,6000
"id_4914","male",25.611,12,29000
"id_4919","female",38.709,18,52000
"id_4921","male",92.503,20,92500
"id_4922","female",63.204,13,17000
"id_4923","male",22.076,10,22000
"id_4924","female",43.271,13,33500
"id_4926","male",51.554,12,48000
"id_4927","female",83.641,16,159193
"id_4929","female",49.657,14,17900
"id_4930","female",41.842,13,18839
"id_4931","female",81.658,14,33000
"id_4933","female",62.784,15,39000
"id_4934","female",23.927,12,25000
"id_4937","male",7.135,8,22000
"id_4939","male",60.522,16,41000
"id_4942","male",13.494,12,54000
"id_4943","female",31.353,14,42000
"id_4944","male",82.469,16,75000
"id_4945","male",25.492,12,35000
"id_4946","male",2.893,8,43000
"id_4948","female",26.901,12,18000
"id_4952","female",23.721,12,26000
"id_4953","female",74.689,13,22000
"id_4954","female",73.712,18,78000
"id_4955","female",64.713,12,40000
"id_4960","male",21.164,10,60000
"id_4962","female",74.484,13,36000
"id_4966","female",47.582,12,32000
"id_4967","female",64.114,13,32500
"id_4968","female",90.36,14,66948
"id_4972","female",33.643,13,3000
"id_4975","female",92.247,18,60000
"id_4976","female",85.066,15,94000
"id_4979","male",70.51,12,58000
"id_4981","female",27.358,14,35100
"id_4983","male",21.009,12,8000
"id_4986","male",16.841,12,410008
"id_4987","female",86.508,15,15000
"id_4992","female",32.249,12,30000
"id_4997","female",75.073,15,62000
"id_4998","male",80.394,20,69600
"id_5001","female",67.504,17,30000
"id_5003","female",70.669,19,228453
"id_5007","male",18.04,12,63000
"id_5012","male",87.153,20,215765
"id_5017","male",84.38,14,115000
"id_5020","male",91.144,17,39000
"id_5021","male",94.331,17,44000
"id_5022","male",79.135,15,80000
"id_5023","female",78.873,19,39000
"id_5025","female",64.441,13,40000
"id_5026","female",58.229,15,42000
"id_5028","female",96.183,17,153447
"id_5029","male",100,16,120000
"id_5037","female",25.844,14,18230
"id_5041","female",13.195,12,14000
"id_5042","female",11.369,13,29000
"id_5043","female",36.172,13,29993
"id_5053","female",18.631,13,60000
"id_5054","male",44.084,20,34000
"id_5055","female",52.035,14,43000
"id_5060","female",17.529,12,24314
"id_5062","female",77.171,13,25000
"id_5085","female",9.128,12,9600
"id_5091","female",72.251,20,56400
"id_5094","male",22.029,13,10000
"id_5095","male",73.751,20,20000
"id_5096","female",73.407,18,30000
"id_5097","male",47.006,12,119000
"id_5099","female",97.61,16,40000
"id_5101","female",57.477,15,11000
"id_5102","male",48.968,14,33000
"id_5106","male",23.45,12,120000
"id_5107","female",89.381,19,152683
"id_5108","female",98.645,16,33000
"id_5115","female",46.56,12,27400
"id_5125","female",77.314,14,3000
"id_5128","female",56.945,11,29000
"id_5131","female",78.06,12,21213
"id_5132","male",41.062,10,26000
"id_5134","female",47.968,15,42000
"id_5139","male",17.763,12,15000
"id_5140","female",60.402,16,10800
"id_5143","female",80.74,17,62000
"id_5145","male",81.861,12,36000
"id_5149","male",72.306,13,6000
"id_5151","female",53.96,13,89000
"id_5156","male",58.127,13,100000
"id_5158","male",41.879,12,50000
"id_5159","female",36.433,12,1200
"id_5161","male",55.622,12,37000
"id_5162","female",80.536,12,100000
"id_5166","male",98.687,16,75000
"id_5168","male",73.682,18,23000
"id_5170","male",83.498,20,55000
"id_5174","male",84.442,13,65000
"id_5176","female",31.449,12,38000
"id_5178","male",70.507,13,25000
"id_5179","female",53.747,12,23000
"id_5180","female",61.711,12,3563
"id_5184","male",37.165,12,38000
"id_5185","male",91.441,20,57000
"id_5186","male",42.843,12,29000
"id_5187","male",60.646,13,34500
"id_5188","female",53.09,16,46000
"id_5189","female",48.596,12,27000
"id_5191","female",75.345,14,20000
"id_5192","male",24.074,12,30000
"id_5193","female",52.58,16,56000
"id_5194","male",70.467,12,32000
"id_5195","female",56.535,12,28398
"id_5197","male",72.335,17,123000
"id_5199","female",62.924,15,15000
"id_5208","female",75.701,12,25000
"id_5211","male",10.875,12,35718
"id_5212","female",72.412,17,20000
"id_5219","female",33.664,12,83000
"id_5221","male",8.837,14,35000
"id_5222","male",46.218,17,80000
"id_5226","male",83.809,16,85000
"id_5227","male",45.579,13,40000
"id_5229","male",31.929,14,32530
"id_5231","female",13.348,12,12000
"id_5235","male",13.793,14,70000
"id_5236","female",85.912,12,8400
"id_5238","male",21.71,12,22000
"id_5244","male",46.534,16,60000
"id_5245","male",70.64,20,200977
"id_5246","female",46.743,15,31000
"id_5247","female",55.115,12,26000
"id_5248","male",38.094,14,96000
"id_5249","male",56.267,13,36000
"id_5250","male",88.662,16,55000
"id_5251","male",15.176,12,50000
"id_5252","male",38.32,12,9000
"id_5254","male",48.244,13,120000
"id_5255","female",12.777,13,37100
"id_5256","female",30.913,13,68000
"id_5257","male",21.706,12,40000
"id_5258","female",34.971,12,33800
"id_5259","female",27.434,15,3500
"id_5262","female",45.691,12,11500
"id_5263","male",67.67,14,35000
"id_5264","female",4.008,16,65000
"id_5266","male",55.998,14,98000
"id_5267","male",12.39,13,50000
"id_5268","female",75.256,12,11548
"id_5269","male",19.642,11,30000
"id_5272","female",28.603,12,20000
"id_5274","male",42.704,13,6000
"id_5277","female",17.534,13,10000
"id_5278","male",27.724,12,55000
"id_5287","female",79.838,16,3200
"id_5288","female",22.097,12,37500
"id_5289","female",88.294,16,40264
"id_5291","male",15.276,12,47500
"id_5294","female",27.953,12,16000
"id_5299","female",78.135,18,45000
"id_5300","male",50.321,15,63000
"id_5301","female",86.332,12,29479
"id_5307","male",22.362,12,28000
"id_5308","female",4.171,13,11000
"id_5310","female",84.207,19,59800
"id_5311","female",34.37,12,10000
"id_5315","female",52.155,14,16000
"id_5316","male",85.107,12,58000
"id_5317","female",76.53,12,7200
"id_5318","male",75.732,14,20000
"id_5325","female",88.694,20,600
"id_5326","female",88.59,16,35000
"id_5327","female",60.895,12,35000
"id_5329","male",20.657,13,51000
"id_5330","female",64.846,14,30000
"id_5332","female",83.449,15,25000
"id_5333","female",54.144,14,29000
"id_5334","male",59.959,16,75000
"id_5338","female",52.599,12,21939
"id_5340","female",20.057,14,10000
"id_5341","female",91.407,16,52000
"id_5342","male",71.119,16,95000
"id_5349","female",55.017,13,5250
"id_5350","male",12.563,14,36500
"id_5351","female",84.304,18,53000
"id_5352","male",63.248,16,110000
"id_5353","female",62.412,12,3200
"id_5356","male",69.093,12,36800
"id_5357","male",26.187,12,34000
"id_5358","male",81.396,14,55000
"id_5360","female",55.327,13,14000
"id_5361","male",44.732,15,3000
"id_5362","male",61.583,12,56000
"id_5363","male",30.514,10,52000
"id_5365","male",18.621,15,65000
"id_5366","male",89.755,12,35000
"id_5372","female",87.078,16,12000
"id_5373","female",90.958,16,35000
"id_5374","female",76.589,16,38400
"id_5376","female",83.858,12,12000
"id_5377","male",85.856,14,56000
"id_5381","female",97.117,16,46000
"id_5385","female",49.694,12,8000
"id_5388","female",93.238,16,18000
"id_5389","female",93.533,17,53000
"id_5390","male",71.096,14,52000
"id_5391","female",43.898,17,40000
"id_5392","male",72.595,14,52000
"id_5393","female",82.352,16,59850
"id_5394","male",71.79,18,42000
"id_5395","male",63.289,17,35000
"id_5397","female",71.14,15,23699
"id_5398","male",82.62,16,135000
"id_5401","male",87.434,12,35000
"id_5402","male",11.551,12,50000
"id_5404","female",56.704,13,29500
"id_5406","female",48.5,16,32000
"id_5408","female",44.815,14,40000
"id_5410","male",81.45,16,57000
"id_5416","male",97.935,16,15000
"id_5417","male",79.36,12,196680
"id_5418","male",50.639,16,60000
"id_5419","male",87.22,17,81000
"id_5420","male",91.807,16,125000
"id_5421","female",80.022,12,13000
"id_5427","female",49.099,13,38000
"id_5428","female",69.959,14,45000
"id_5430","male",75.195,16,37000
"id_5435","male",60.361,12,36000
"id_5436","female",38.439,12,29000
"id_5439","male",95.516,16,110000
"id_5440","male",91.857,12,38000
"id_5441","male",31.355,14,150000
"id_5442","female",29.679,15,6800
"id_5445","female",37.721,14,14000
"id_5446","male",10.31,9,9600
"id_5447","male",4.747,8,27300
"id_5450","female",19.937,12,8500
"id_5451","male",24.754,12,50000
"id_5453","female",32.426,13,6000
"id_5456","male",15.308,12,25000
"id_5461","male",0.587,8,71776
"id_5469","female",1.294,9,7200
"id_5470","male",54.755,12,43000
"id_5474","female",60.055,16,62000
"id_5476","female",0.838,12,26000
"id_5484","male",25.56,12,900
"id_5485","female",23.139,16,47000
"id_5486","female",22.735,12,20500
"id_5488","female",11.841,11,350
"id_5489","male",97.069,20,91000
"id_5491","male",47.421,12,52000
"id_5493","male",32.743,12,56000
"id_5494","male",50.188,12,29800
"id_5499","male",29.66,12,50000
"id_5500","male",51.599,14,40000
"id_5502","female",16.864,12,16000
"id_5504","male",74.158,16,95000
"id_5505","female",14.718,12,22050
"id_5508","female",21.049,12,20000
"id_5510","female",11.307,12,20000
"id_5511","female",60.755,14,28000
"id_5512","male",63.118,13,55000
"id_5513","male",99.484,16,25000
"id_5514","male",46.876,12,10000
"id_5516","male",25.347,12,22500
"id_5518","female",6.995,14,40000
"id_5519","male",4.096,8,18000
"id_5521","male",85.656,12,18560
"id_5522","female",61.117,12,3000
"id_5524","female",25.036,12,1300
"id_5528","female",27.961,12,38000
"id_5531","male",66.286,12,110000
"id_5537","female",6.803,12,19000
"id_5538","male",14.114,12,15000
"id_5539","male",82.93,12,25000
"id_5540","male",31.907,14,125000
"id_5543","male",85.677,17,133000
"id_5544","female",14.701,12,10056
"id_5545","male",42.853,12,16000
"id_5546","female",48.99,12,32000
"id_5550","female",6.054,12,11000
"id_5551","female",21.62,12,29000
"id_5555","female",56.039,12,14000
"id_5558","male",0.162,12,45000
"id_5565","female",37.489,16,36000
"id_5566","female",39.633,12,25000
"id_5568","female",64.088,14,38000
"id_5572","female",61.264,12,31000
"id_5573","male",46.741,12,24000
"id_5575","female",64.673,12,15785
"id_5576","female",46.125,12,34000
"id_5580","male",35.796,12,47000
"id_5581","female",31.716,12,22000
"id_5585","male",26.982,12,54000
"id_5590","male",77.376,16,42000
"id_5591","female",67.935,16,65000
"id_5592","male",98.198,19,33000
"id_5594","male",73.884,20,79000
"id_5599","male",60.292,16,82000
"id_5603","male",10.81,9,36000
"id_5604","male",1.042,9,40000
"id_5607","male",28.205,12,30000
"id_5609","female",10.186,14,24000
"id_5611","male",34.301,13,18000
"id_5612","female",47.973,13,26500
"id_5613","male",0,12,30000
"id_5614","female",18.176,12,26000
"id_5616","male",3.039,12,35000
"id_5617","male",8.282,12,20000
"id_5618","male",51.958,16,43000
"id_5621","male",51.908,17,44000
"id_5623","male",95.248,20,96000
"id_5624","female",70.691,19,36000
"id_5625","male",66.276,12,40000
"id_5626","female",60.781,12,52000
"id_5637","male",8.54,12,52000
"id_5640","female",0.56,12,30000
"id_5646","female",37.531,12,33000
"id_5649","male",71.982,13,22000
"id_5653","male",66.907,12,52000
"id_5655","male",82.061,17,90000
"id_5661","female",71.156,15,1600
"id_5666","male",68.443,16,80000
"id_5667","male",97.274,20,198032
"id_5668","male",70.576,12,60000
"id_5669","female",54.716,12,38000
"id_5671","male",86.782,12,20000
"id_5674","female",56.285,13,8000
"id_5675","female",87.596,16,67500
"id_5676","female",77.716,17,15000
"id_5677","male",64.58,12,72000
"id_5684","female",5.319,12,12000
"id_5690","female",76.766,19,70000
"id_5694","male",58.345,12,42000
"id_5696","male",42.254,12,72000
"id_5699","male",97.537,13,45000
"id_5700","male",80.34,12,70000
"id_5701","female",75.52,17,114000
"id_5702","female",59.926,13,24000
"id_5703","male",74.363,14,42500
"id_5705","female",81.334,12,10900
"id_5708","female",81.916,14,33000
"id_5710","female",87.91,18,53000
"id_5711","male",50.838,12,42000
"id_5712","female",80.893,12,26280
"id_5713","female",64.357,11,44328
"id_5718","female",76.736,12,9000
"id_6285","male",51.843,13,60000
"id_11751","male",24.592,11,10000
"id_11755","male",7.35,11,60000
"id_11758","male",80.188,19,70000
"id_11759","male",40.534,12,50000
"id_11760","male",0,12,4000
"id_11762","male",1.792,11,100000
"id_11763","male",47.481,15,146000
"id_11769","female",67.337,15,8000
"id_11776","male",26.798,10,25000
"id_11777","female",90.862,14,74500
"id_11778","female",71.422,15,32900
"id_11779","female",78.397,17,1500
"id_11785","female",19.889,12,78000
"id_11786","female",44.583,12,65000
"id_11787","female",20.097,10,8000
"id_11791","male",66.503,16,123000
"id_11792","female",61.687,12,19000
"id_11793","male",11.738,12,56000
"id_11794","female",19.708,12,40000
"id_11796","male",97.147,16,24000
"id_11797","female",40.415,14,1200
"id_11798","female",45.075,15,17000
"id_11799","male",26.504,14,32000
"id_11800","female",18.254,12,60000
"id_11801","male",8.903,12,350
"id_11806","male",43.089,13,63000
"id_11807","female",40.755,12,80000
"id_11809","male",68.468,16,39000
"id_11811","female",0.823,12,8000
"id_11813","female",3.222,12,30456
"id_11814","female",2.314,8,9000
"id_11815","female",21.716,13,1300
"id_11816","female",78.611,15,19500
"id_11818","female",12.57,10,13000
"id_11819","female",43.124,14,27700
"id_11820","male",62.701,16,50000
"id_11822","male",41.801,12,57500
"id_11830","male",1.457,12,2000
"id_11832","female",9.266,13,15000
"id_11833","male",13.696,13,25000
"id_11835","female",60.5,16,14000
"id_11838","female",23.064,15,52000
"id_11839","female",48.275,12,45000
"id_11841","male",39.048,13,57000
"id_11844","male",23.172,15,20108
"id_11845","female",47.552,14,40000
"id_11846","male",9.003,12,54000
"id_11848","female",48.795,16,24500
"id_11849","male",14.611,12,50000
"id_11850","female",24.52,8,32000
"id_11851","female",67.97,14,80000
"id_11854","female",68.817,16,87000
"id_11858","female",37.279,12,24000
"id_11860","male",61.243,12,40000
"id_11863","male",78.549,14,77919
"id_11864","male",16.885,12,24000
"id_11865","female",75.534,12,42500
"id_11867","female",18,16,28000
"id_11868","female",54.37,16,102831
"id_11869","female",83.763,14,38400
"id_11870","female",72.983,16,11000
"id_11872","male",81.931,14,24500
"id_11875","male",63.866,12,57000
"id_11878","female",39.427,12,22000
"id_11879","female",63.777,12,13691
"id_11880","male",44.032,12,15000
"id_11881","female",92.255,16,15000
"id_11883","male",75.428,12,44000
"id_11884","male",18.231,12,2200
"id_11886","female",79.197,15,10000
"id_11887","male",61.341,12,24200
"id_11889","male",68.263,17,40000
"id_11890","male",1.779,6,50400
"id_11891","female",4.028,12,10000
"id_11894","female",55.742,16,30330
"id_11897","male",96.751,14,64000
"id_11898","female",80.758,16,58500
"id_11901","female",36.943,14,29000
"id_11902","female",39.267,18,48000
"id_11905","female",43.256,16,60000
"id_11909","female",51.061,12,16000
"id_11911","male",56.834,13,46000
"id_11916","female",45.787,18,38000
"id_11917","male",62.412,12,35000
"id_11918","female",89.086,17,85000
"id_11920","male",83.021,16,338101
"id_11923","female",45.43,14,12000
"id_11924","male",91.057,13,68458
"id_11925","male",70,12,58000
"id_11926","male",86.514,12,45000
"id_11929","female",93.914,20,82000
"id_11932","female",9.829,14,10000
"id_11934","male",12.465,12,90000
"id_11935","female",10.59,12,24000
"id_11936","male",38.717,16,125000
"id_11937","male",12.877,20,43000
"id_11939","male",27.064,12,15000
"id_11940","female",48.739,12,14000
"id_11942","male",52.131,12,39000
"id_11945","male",15.874,13,40000
"id_11947","male",10.751,12,90000
"id_11949","female",20.859,12,26000
"id_11950","female",6.732,12,2000
"id_11955","female",72.75,16,42000
"id_11958","female",42.412,12,75000
"id_11971","male",24.339,15,39000
"id_11972","male",37.918,20,110500
"id_11973","male",60.113,12,60000
"id_11981","female",0.332,12,31000
"id_11990","male",85.632,20,70000
"id_11993","female",36.867,12,40000
"id_12000","female",56.178,12,33000
"id_12005","female",39.556,15,35000
"id_12006","male",59.085,16,17000
"id_12008","male",38.202,12,60000
"id_12010","male",83.535,20,53000
"id_12012","male",76.322,14,65000
"id_12014","male",80.79,16,85000
"id_12016","male",70.816,16,150000
"id_12018","female",94.157,12,52900
"id_12019","male",69.997,12,58000
"id_12022","female",54.756,12,63000
"id_12023","male",74.585,17,65000
"id_12031","male",66.317,12,40000
"id_12032","female",14.177,12,24000
"id_12034","female",72.753,16,161182
"id_12036","female",81.701,15,28900
"id_12039","male",65.528,12,22000
"id_12041","male",16.707,12,46000
"id_12042","female",8.479,12,3000
"id_12043","male",5.867,12,628
"id_12044","male",41.848,18,45000
"id_12045","male",87.993,20,49000
"id_12052","female",68.169,15,32000
"id_12055","male",49.365,12,51000
"id_12057","female",58.25,12,3000
"id_12061","female",88.136,13,42000
"id_12062","female",1.35,13,20000
"id_12064","male",91.448,20,158730
"id_12065","male",45.81,10,56000
"id_12066","female",26.619,14,3000
"id_12068","male",88.023,16,49000
"id_12070","female",50.856,15,34000
"id_12076","female",58.498,12,6000
"id_12082","male",33.649,12,4000
"id_12083","female",42.237,12,22000
"id_12084","male",56.342,12,33793
"id_12087","female",18.164,13,3000
"id_12088","male",97.573,16,37000
"id_12089","male",63.613,20,40000
"id_12090","male",53.959,12,30000
"id_12092","female",53.775,16,30000
"id_12093","male",59.265,12,82000
"id_12097","female",36.668,12,54000
"id_12098","female",82.763,14,53000
"id_12102","male",62.246,16,100000
"id_12104","female",83.988,15,36323
"id_12106","male",76.524,18,120000
"id_12110","male",56.116,16,91000
"id_12116","male",74.244,16,90000
"id_12119","male",54.283,18,45000
"id_12122","male",20.531,8,30000
"id_12125","male",15.881,12,42000
"id_12126","female",10.695,12,21000
"id_12128","female",64.324,12,30000
"id_12129","male",72.169,16,39500
"id_12130","female",27.983,12,24000
"id_12131","male",32.593,12,23000
"id_12133","male",22.983,12,11560
"id_12135","female",10.769,10,22000
"id_12138","female",40.28,13,21000
"id_12139","male",29.169,12,12600
"id_12140","female",31.207,13,45000
